run_id,retriever,chunking_strategy,query_id,bucket,num_judged_relevant,query_token_len__all-MiniLM-L6-v2,max_relevant_doc_token_len__all-MiniLM-L6-v2,any_relevant_doc_exceeds_limit__all-MiniLM-L6-v2,query_token_len__bge-small-en-v1_5,max_relevant_doc_token_len__bge-small-en-v1_5,any_relevant_doc_exceeds_limit__bge-small-en-v1_5
all-MiniLM-L6-v2__fixed_window,all-MiniLM-L6-v2,fixed_window,1,mis_ranked,1,15,149,within,15,149,within
all-MiniLM-L6-v2__fixed_window,all-MiniLM-L6-v2,fixed_window,100,mis_ranked,1,17,385,exceeds,17,385,within
all-MiniLM-L6-v2__fixed_window,all-MiniLM-L6-v2,fixed_window,1012,full_success,1,21,461,exceeds,21,461,within
all-MiniLM-L6-v2__fixed_window,all-MiniLM-L6-v2,fixed_window,1014,full_success,1,19,210,within,19,210,within
all-MiniLM-L6-v2__fixed_window,all-MiniLM-L6-v2,fixed_window,1019,mis_ranked,1,17,421,exceeds,17,421,within
all-MiniLM-L6-v2__fixed_window,all-MiniLM-L6-v2,fixed_window,1020,full_success,1,32,267,exceeds,32,267,within
all-MiniLM-L6-v2__fixed_window,all-MiniLM-L6-v2,fixed_window,1021,full_success,1,32,267,exceeds,32,267,within
all-MiniLM-L6-v2__fixed_window,all-MiniLM-L6-v2,fixed_window,1024,mis_ranked,1,20,224,within,20,224,within
all-MiniLM-L6-v2__fixed_window,all-MiniLM-L6-v2,fixed_window,1029,full_success,3,33,369,exceeds,33,369,within
all-MiniLM-L6-v2__fixed_window,all-MiniLM-L6-v2,fixed_window,1041,mis_ranked,2,33,353,exceeds,33,353,within
all-MiniLM-L6-v2__fixed_window,all-MiniLM-L6-v2,fixed_window,1049,total_miss,1,18,239,within,18,239,within
all-MiniLM-L6-v2__fixed_window,all-MiniLM-L6-v2,fixed_window,1062,full_success,1,25,389,exceeds,25,389,within
all-MiniLM-L6-v2__fixed_window,all-MiniLM-L6-v2,fixed_window,1086,full_success,1,30,491,exceeds,30,491,within
all-MiniLM-L6-v2__fixed_window,all-MiniLM-L6-v2,fixed_window,1088,mis_ranked,1,19,204,within,19,204,within
all-MiniLM-L6-v2__fixed_window,all-MiniLM-L6-v2,fixed_window,1089,full_success,1,30,371,exceeds,30,371,within
all-MiniLM-L6-v2__fixed_window,all-MiniLM-L6-v2,fixed_window,1099,mis_ranked,1,10,166,within,10,166,within
all-MiniLM-L6-v2__fixed_window,all-MiniLM-L6-v2,fixed_window,1100,mis_ranked,1,10,166,within,10,166,within
all-MiniLM-L6-v2__fixed_window,all-MiniLM-L6-v2,fixed_window,1104,full_success,1,35,904,exceeds,35,904,exceeds
all-MiniLM-L6-v2__fixed_window,all-MiniLM-L6-v2,fixed_window,1107,mis_ranked,1,16,181,within,16,181,within
all-MiniLM-L6-v2__fixed_window,all-MiniLM-L6-v2,fixed_window,1110,total_miss,1,14,1021,exceeds,14,1021,exceeds
all-MiniLM-L6-v2__fixed_window,all-MiniLM-L6-v2,fixed_window,1121,mis_ranked,1,26,403,exceeds,26,403,within
all-MiniLM-L6-v2__fixed_window,all-MiniLM-L6-v2,fixed_window,113,full_success,1,22,468,exceeds,22,468,within
all-MiniLM-L6-v2__fixed_window,all-MiniLM-L6-v2,fixed_window,1130,full_success,1,31,247,within,31,247,within
all-MiniLM-L6-v2__fixed_window,all-MiniLM-L6-v2,fixed_window,1132,mis_ranked,2,28,275,exceeds,28,275,within
all-MiniLM-L6-v2__fixed_window,all-MiniLM-L6-v2,fixed_window,1137,mis_ranked,1,18,463,exceeds,18,463,within
all-MiniLM-L6-v2__fixed_window,all-MiniLM-L6-v2,fixed_window,1140,mis_ranked,1,20,653,exceeds,20,653,exceeds
all-MiniLM-L6-v2__fixed_window,all-MiniLM-L6-v2,fixed_window,1144,full_success,1,23,531,exceeds,23,531,exceeds
all-MiniLM-L6-v2__fixed_window,all-MiniLM-L6-v2,fixed_window,1146,full_success,1,15,454,exceeds,15,454,within
all-MiniLM-L6-v2__fixed_window,all-MiniLM-L6-v2,fixed_window,115,full_success,1,16,318,exceeds,16,318,within
all-MiniLM-L6-v2__fixed_window,all-MiniLM-L6-v2,fixed_window,1150,mis_ranked,1,25,238,within,25,238,within
all-MiniLM-L6-v2__fixed_window,all-MiniLM-L6-v2,fixed_window,1163,full_success,1,20,244,within,20,244,within
all-MiniLM-L6-v2__fixed_window,all-MiniLM-L6-v2,fixed_window,1175,total_miss,1,16,216,within,16,216,within
all-MiniLM-L6-v2__fixed_window,all-MiniLM-L6-v2,fixed_window,1179,total_miss,1,20,216,within,20,216,within
all-MiniLM-L6-v2__fixed_window,all-MiniLM-L6-v2,fixed_window,118,mis_ranked,1,23,257,exceeds,23,257,within
all-MiniLM-L6-v2__fixed_window,all-MiniLM-L6-v2,fixed_window,1180,total_miss,1,16,216,within,16,216,within
all-MiniLM-L6-v2__fixed_window,all-MiniLM-L6-v2,fixed_window,1185,full_success,1,36,485,exceeds,36,485,within
all-MiniLM-L6-v2__fixed_window,all-MiniLM-L6-v2,fixed_window,1187,full_success,1,36,349,exceeds,36,349,within
all-MiniLM-L6-v2__fixed_window,all-MiniLM-L6-v2,fixed_window,1191,mis_ranked,1,14,159,within,14,159,within
all-MiniLM-L6-v2__fixed_window,all-MiniLM-L6-v2,fixed_window,1194,mis_ranked,1,32,264,exceeds,32,264,within
all-MiniLM-L6-v2__fixed_window,all-MiniLM-L6-v2,fixed_window,1196,mis_ranked,1,16,244,within,16,244,within
all-MiniLM-L6-v2__fixed_window,all-MiniLM-L6-v2,fixed_window,1197,mis_ranked,1,17,244,within,17,244,within
all-MiniLM-L6-v2__fixed_window,all-MiniLM-L6-v2,fixed_window,1199,total_miss,1,26,637,exceeds,26,637,exceeds
all-MiniLM-L6-v2__fixed_window,all-MiniLM-L6-v2,fixed_window,1200,total_miss,1,42,274,exceeds,42,274,within
all-MiniLM-L6-v2__fixed_window,all-MiniLM-L6-v2,fixed_window,1202,full_success,1,22,261,exceeds,22,261,within
all-MiniLM-L6-v2__fixed_window,all-MiniLM-L6-v2,fixed_window,1204,full_success,1,32,321,exceeds,32,321,within
all-MiniLM-L6-v2__fixed_window,all-MiniLM-L6-v2,fixed_window,1207,full_success,1,38,297,exceeds,38,297,within
all-MiniLM-L6-v2__fixed_window,all-MiniLM-L6-v2,fixed_window,1213,mis_ranked,1,21,599,exceeds,21,599,exceeds
all-MiniLM-L6-v2__fixed_window,all-MiniLM-L6-v2,fixed_window,1216,full_success,1,20,262,exceeds,20,262,within
all-MiniLM-L6-v2__fixed_window,all-MiniLM-L6-v2,fixed_window,1221,mis_ranked,1,24,296,exceeds,24,296,within
all-MiniLM-L6-v2__fixed_window,all-MiniLM-L6-v2,fixed_window,1225,mis_ranked,1,19,287,exceeds,19,287,within
all-MiniLM-L6-v2__fixed_window,all-MiniLM-L6-v2,fixed_window,1226,total_miss,1,23,315,exceeds,23,315,within
all-MiniLM-L6-v2__fixed_window,all-MiniLM-L6-v2,fixed_window,1232,full_success,1,25,255,within,25,255,within
all-MiniLM-L6-v2__fixed_window,all-MiniLM-L6-v2,fixed_window,124,full_success,1,21,524,exceeds,21,524,exceeds
all-MiniLM-L6-v2__fixed_window,all-MiniLM-L6-v2,fixed_window,1241,full_success,1,20,416,exceeds,20,416,within
all-MiniLM-L6-v2__fixed_window,all-MiniLM-L6-v2,fixed_window,1245,mis_ranked,1,15,324,exceeds,15,324,within
all-MiniLM-L6-v2__fixed_window,all-MiniLM-L6-v2,fixed_window,1259,mis_ranked,1,35,708,exceeds,35,708,exceeds
all-MiniLM-L6-v2__fixed_window,all-MiniLM-L6-v2,fixed_window,1262,full_success,1,20,217,within,20,217,within
all-MiniLM-L6-v2__fixed_window,all-MiniLM-L6-v2,fixed_window,1266,full_success,1,35,511,exceeds,35,511,within
all-MiniLM-L6-v2__fixed_window,all-MiniLM-L6-v2,fixed_window,127,full_success,1,20,292,exceeds,20,292,within
all-MiniLM-L6-v2__fixed_window,all-MiniLM-L6-v2,fixed_window,1270,full_success,1,18,576,exceeds,18,576,exceeds
all-MiniLM-L6-v2__fixed_window,all-MiniLM-L6-v2,fixed_window,1271,full_success,1,31,523,exceeds,31,523,exceeds
all-MiniLM-L6-v2__fixed_window,all-MiniLM-L6-v2,fixed_window,1272,total_miss,1,23,177,within,23,177,within
all-MiniLM-L6-v2__fixed_window,all-MiniLM-L6-v2,fixed_window,1273,full_success,1,21,282,exceeds,21,282,within
all-MiniLM-L6-v2__fixed_window,all-MiniLM-L6-v2,fixed_window,1274,full_success,3,44,335,exceeds,44,335,within
all-MiniLM-L6-v2__fixed_window,all-MiniLM-L6-v2,fixed_window,1278,full_success,1,23,234,within,23,234,within
all-MiniLM-L6-v2__fixed_window,all-MiniLM-L6-v2,fixed_window,1279,full_success,1,23,234,within,23,234,within
all-MiniLM-L6-v2__fixed_window,all-MiniLM-L6-v2,fixed_window,128,total_miss,1,16,366,exceeds,16,366,within
all-MiniLM-L6-v2__fixed_window,all-MiniLM-L6-v2,fixed_window,1280,mis_ranked,1,34,420,exceeds,34,420,within
all-MiniLM-L6-v2__fixed_window,all-MiniLM-L6-v2,fixed_window,1281,mis_ranked,1,19,420,exceeds,19,420,within
all-MiniLM-L6-v2__fixed_window,all-MiniLM-L6-v2,fixed_window,1282,full_success,1,28,399,exceeds,28,399,within
all-MiniLM-L6-v2__fixed_window,all-MiniLM-L6-v2,fixed_window,129,full_success,1,18,1363,exceeds,18,1363,exceeds
all-MiniLM-L6-v2__fixed_window,all-MiniLM-L6-v2,fixed_window,1290,full_success,1,15,627,exceeds,15,627,exceeds
all-MiniLM-L6-v2__fixed_window,all-MiniLM-L6-v2,fixed_window,1292,full_success,1,17,215,within,17,215,within
all-MiniLM-L6-v2__fixed_window,all-MiniLM-L6-v2,fixed_window,1298,full_success,1,35,516,exceeds,35,516,exceeds
all-MiniLM-L6-v2__fixed_window,all-MiniLM-L6-v2,fixed_window,13,total_miss,1,16,563,exceeds,16,563,exceeds
all-MiniLM-L6-v2__fixed_window,all-MiniLM-L6-v2,fixed_window,130,full_success,1,18,1363,exceeds,18,1363,exceeds
all-MiniLM-L6-v2__fixed_window,all-MiniLM-L6-v2,fixed_window,1303,mis_ranked,1,15,297,exceeds,15,297,within
all-MiniLM-L6-v2__fixed_window,all-MiniLM-L6-v2,fixed_window,1316,total_miss,1,18,266,exceeds,18,266,within
all-MiniLM-L6-v2__fixed_window,all-MiniLM-L6-v2,fixed_window,1319,full_success,1,16,266,exceeds,16,266,within
all-MiniLM-L6-v2__fixed_window,all-MiniLM-L6-v2,fixed_window,132,total_miss,1,14,262,exceeds,14,262,within
all-MiniLM-L6-v2__fixed_window,all-MiniLM-L6-v2,fixed_window,1320,mis_ranked,1,25,266,exceeds,25,266,within
all-MiniLM-L6-v2__fixed_window,all-MiniLM-L6-v2,fixed_window,133,partial_recall,5,49,480,exceeds,49,480,within
all-MiniLM-L6-v2__fixed_window,all-MiniLM-L6-v2,fixed_window,1332,total_miss,1,42,318,exceeds,42,318,within
all-MiniLM-L6-v2__fixed_window,all-MiniLM-L6-v2,fixed_window,1335,full_success,1,15,266,exceeds,15,266,within
all-MiniLM-L6-v2__fixed_window,all-MiniLM-L6-v2,fixed_window,1336,full_success,1,14,266,exceeds,14,266,within
all-MiniLM-L6-v2__fixed_window,all-MiniLM-L6-v2,fixed_window,1337,mis_ranked,1,32,279,exceeds,32,279,within
all-MiniLM-L6-v2__fixed_window,all-MiniLM-L6-v2,fixed_window,1339,full_success,1,16,490,exceeds,16,490,within
all-MiniLM-L6-v2__fixed_window,all-MiniLM-L6-v2,fixed_window,1344,mis_ranked,1,37,159,within,37,159,within
all-MiniLM-L6-v2__fixed_window,all-MiniLM-L6-v2,fixed_window,1352,full_success,1,22,291,exceeds,22,291,within
all-MiniLM-L6-v2__fixed_window,all-MiniLM-L6-v2,fixed_window,1359,full_success,1,36,716,exceeds,36,716,exceeds
all-MiniLM-L6-v2__fixed_window,all-MiniLM-L6-v2,fixed_window,1362,total_miss,1,16,366,exceeds,16,366,within
all-MiniLM-L6-v2__fixed_window,all-MiniLM-L6-v2,fixed_window,1363,total_miss,1,18,366,exceeds,18,366,within
all-MiniLM-L6-v2__fixed_window,all-MiniLM-L6-v2,fixed_window,1368,mis_ranked,1,11,432,exceeds,11,432,within
all-MiniLM-L6-v2__fixed_window,all-MiniLM-L6-v2,fixed_window,137,full_success,1,20,283,exceeds,20,283,within
all-MiniLM-L6-v2__fixed_window,all-MiniLM-L6-v2,fixed_window,1370,mis_ranked,1,11,432,exceeds,11,432,within
all-MiniLM-L6-v2__fixed_window,all-MiniLM-L6-v2,fixed_window,1379,full_success,4,19,584,exceeds,19,584,exceeds
all-MiniLM-L6-v2__fixed_window,all-MiniLM-L6-v2,fixed_window,1382,mis_ranked,1,17,237,within,17,237,within
all-MiniLM-L6-v2__fixed_window,all-MiniLM-L6-v2,fixed_window,1385,mis_ranked,1,11,188,within,11,188,within
all-MiniLM-L6-v2__fixed_window,all-MiniLM-L6-v2,fixed_window,1389,full_success,1,18,224,within,18,224,within
all-MiniLM-L6-v2__fixed_window,all-MiniLM-L6-v2,fixed_window,1395,mis_ranked,1,36,266,exceeds,36,266,within
all-MiniLM-L6-v2__fixed_window,all-MiniLM-L6-v2,fixed_window,141,full_success,2,19,504,exceeds,19,504,within
all-MiniLM-L6-v2__fixed_window,all-MiniLM-L6-v2,fixed_window,142,full_success,1,39,738,exceeds,39,738,exceeds
all-MiniLM-L6-v2__fixed_window,all-MiniLM-L6-v2,fixed_window,143,full_success,1,36,738,exceeds,36,738,exceeds
all-MiniLM-L6-v2__fixed_window,all-MiniLM-L6-v2,fixed_window,146,full_success,1,34,738,exceeds,34,738,exceeds
all-MiniLM-L6-v2__fixed_window,all-MiniLM-L6-v2,fixed_window,148,mis_ranked,1,10,270,exceeds,10,270,within
all-MiniLM-L6-v2__fixed_window,all-MiniLM-L6-v2,fixed_window,163,full_success,1,14,460,exceeds,14,460,within
all-MiniLM-L6-v2__fixed_window,all-MiniLM-L6-v2,fixed_window,171,full_success,1,26,323,exceeds,26,323,within
all-MiniLM-L6-v2__fixed_window,all-MiniLM-L6-v2,fixed_window,179,full_success,4,12,584,exceeds,12,584,exceeds
all-MiniLM-L6-v2__fixed_window,all-MiniLM-L6-v2,fixed_window,180,full_success,1,36,323,exceeds,36,323,within
all-MiniLM-L6-v2__fixed_window,all-MiniLM-L6-v2,fixed_window,183,full_success,1,13,265,exceeds,13,265,within
all-MiniLM-L6-v2__fixed_window,all-MiniLM-L6-v2,fixed_window,185,full_success,1,12,516,exceeds,12,516,exceeds
all-MiniLM-L6-v2__fixed_window,all-MiniLM-L6-v2,fixed_window,198,total_miss,1,11,275,exceeds,11,275,within
all-MiniLM-L6-v2__fixed_window,all-MiniLM-L6-v2,fixed_window,208,mis_ranked,1,12,361,exceeds,12,361,within
all-MiniLM-L6-v2__fixed_window,all-MiniLM-L6-v2,fixed_window,212,mis_ranked,1,11,289,exceeds,11,289,within
all-MiniLM-L6-v2__fixed_window,all-MiniLM-L6-v2,fixed_window,213,mis_ranked,1,26,601,exceeds,26,601,exceeds
all-MiniLM-L6-v2__fixed_window,all-MiniLM-L6-v2,fixed_window,216,full_success,1,18,356,exceeds,18,356,within
all-MiniLM-L6-v2__fixed_window,all-MiniLM-L6-v2,fixed_window,217,full_success,1,16,356,exceeds,16,356,within
all-MiniLM-L6-v2__fixed_window,all-MiniLM-L6-v2,fixed_window,218,full_success,1,17,356,exceeds,17,356,within
all-MiniLM-L6-v2__fixed_window,all-MiniLM-L6-v2,fixed_window,219,full_success,1,18,356,exceeds,18,356,within
all-MiniLM-L6-v2__fixed_window,all-MiniLM-L6-v2,fixed_window,230,full_success,1,22,482,exceeds,22,482,within
all-MiniLM-L6-v2__fixed_window,all-MiniLM-L6-v2,fixed_window,232,full_success,1,19,80,within,19,80,within
all-MiniLM-L6-v2__fixed_window,all-MiniLM-L6-v2,fixed_window,233,full_success,1,18,283,exceeds,18,283,within
all-MiniLM-L6-v2__fixed_window,all-MiniLM-L6-v2,fixed_window,236,full_success,1,17,283,exceeds,17,283,within
all-MiniLM-L6-v2__fixed_window,all-MiniLM-L6-v2,fixed_window,237,mis_ranked,1,22,406,exceeds,22,406,within
all-MiniLM-L6-v2__fixed_window,all-MiniLM-L6-v2,fixed_window,238,mis_ranked,1,14,96,within,14,96,within
all-MiniLM-L6-v2__fixed_window,all-MiniLM-L6-v2,fixed_window,239,total_miss,1,11,341,exceeds,11,341,within
all-MiniLM-L6-v2__fixed_window,all-MiniLM-L6-v2,fixed_window,248,mis_ranked,1,16,218,within,16,218,within
all-MiniLM-L6-v2__fixed_window,all-MiniLM-L6-v2,fixed_window,249,mis_ranked,1,16,218,within,16,218,within
all-MiniLM-L6-v2__fixed_window,all-MiniLM-L6-v2,fixed_window,261,mis_ranked,2,23,543,exceeds,23,543,exceeds
all-MiniLM-L6-v2__fixed_window,all-MiniLM-L6-v2,fixed_window,268,mis_ranked,1,8,312,exceeds,8,312,within
all-MiniLM-L6-v2__fixed_window,all-MiniLM-L6-v2,fixed_window,269,mis_ranked,1,8,312,exceeds,8,312,within
all-MiniLM-L6-v2__fixed_window,all-MiniLM-L6-v2,fixed_window,274,full_success,1,41,716,exceeds,41,716,exceeds
all-MiniLM-L6-v2__fixed_window,all-MiniLM-L6-v2,fixed_window,275,mis_ranked,3,30,510,exceeds,30,510,within
all-MiniLM-L6-v2__fixed_window,all-MiniLM-L6-v2,fixed_window,279,full_success,1,25,410,exceeds,25,410,within
all-MiniLM-L6-v2__fixed_window,all-MiniLM-L6-v2,fixed_window,294,mis_ranked,1,22,387,exceeds,22,387,within
all-MiniLM-L6-v2__fixed_window,all-MiniLM-L6-v2,fixed_window,295,full_success,1,36,320,exceeds,36,320,within
all-MiniLM-L6-v2__fixed_window,all-MiniLM-L6-v2,fixed_window,298,full_success,1,25,198,within,25,198,within
all-MiniLM-L6-v2__fixed_window,all-MiniLM-L6-v2,fixed_window,3,mis_ranked,1,28,354,exceeds,28,354,within
all-MiniLM-L6-v2__fixed_window,all-MiniLM-L6-v2,fixed_window,300,mis_ranked,1,43,352,exceeds,43,352,within
all-MiniLM-L6-v2__fixed_window,all-MiniLM-L6-v2,fixed_window,303,total_miss,1,25,283,exceeds,25,283,within
all-MiniLM-L6-v2__fixed_window,all-MiniLM-L6-v2,fixed_window,312,total_miss,1,21,476,exceeds,21,476,within
all-MiniLM-L6-v2__fixed_window,all-MiniLM-L6-v2,fixed_window,314,mis_ranked,1,34,325,exceeds,34,325,within
all-MiniLM-L6-v2__fixed_window,all-MiniLM-L6-v2,fixed_window,324,mis_ranked,1,14,282,exceeds,14,282,within
all-MiniLM-L6-v2__fixed_window,all-MiniLM-L6-v2,fixed_window,327,full_success,1,21,247,within,21,247,within
all-MiniLM-L6-v2__fixed_window,all-MiniLM-L6-v2,fixed_window,338,full_success,1,15,649,exceeds,15,649,exceeds
all-MiniLM-L6-v2__fixed_window,all-MiniLM-L6-v2,fixed_window,343,full_success,2,25,481,exceeds,25,481,within
all-MiniLM-L6-v2__fixed_window,all-MiniLM-L6-v2,fixed_window,350,full_success,1,23,203,within,23,203,within
all-MiniLM-L6-v2__fixed_window,all-MiniLM-L6-v2,fixed_window,354,full_success,1,26,271,exceeds,26,271,within
all-MiniLM-L6-v2__fixed_window,all-MiniLM-L6-v2,fixed_window,36,full_success,2,17,451,exceeds,17,451,within
all-MiniLM-L6-v2__fixed_window,all-MiniLM-L6-v2,fixed_window,362,full_success,1,36,304,exceeds,36,304,within
all-MiniLM-L6-v2__fixed_window,all-MiniLM-L6-v2,fixed_window,380,mis_ranked,1,18,216,within,18,216,within
all-MiniLM-L6-v2__fixed_window,all-MiniLM-L6-v2,fixed_window,384,mis_ranked,1,23,1021,exceeds,23,1021,exceeds
all-MiniLM-L6-v2__fixed_window,all-MiniLM-L6-v2,fixed_window,385,mis_ranked,2,25,406,exceeds,25,406,within
all-MiniLM-L6-v2__fixed_window,all-MiniLM-L6-v2,fixed_window,386,full_success,1,22,244,within,22,244,within
all-MiniLM-L6-v2__fixed_window,all-MiniLM-L6-v2,fixed_window,388,mis_ranked,1,13,252,within,13,252,within
all-MiniLM-L6-v2__fixed_window,all-MiniLM-L6-v2,fixed_window,399,full_success,1,15,463,exceeds,15,463,within
all-MiniLM-L6-v2__fixed_window,all-MiniLM-L6-v2,fixed_window,410,full_success,1,16,170,within,16,170,within
all-MiniLM-L6-v2__fixed_window,all-MiniLM-L6-v2,fixed_window,411,full_success,1,16,170,within,16,170,within
all-MiniLM-L6-v2__fixed_window,all-MiniLM-L6-v2,fixed_window,415,mis_ranked,1,26,579,exceeds,26,579,exceeds
all-MiniLM-L6-v2__fixed_window,all-MiniLM-L6-v2,fixed_window,42,mis_ranked,1,33,702,exceeds,33,702,exceeds
all-MiniLM-L6-v2__fixed_window,all-MiniLM-L6-v2,fixed_window,421,total_miss,1,22,213,within,22,213,within
all-MiniLM-L6-v2__fixed_window,all-MiniLM-L6-v2,fixed_window,431,mis_ranked,1,23,238,within,23,238,within
all-MiniLM-L6-v2__fixed_window,all-MiniLM-L6-v2,fixed_window,436,full_success,1,22,294,exceeds,22,294,within
all-MiniLM-L6-v2__fixed_window,all-MiniLM-L6-v2,fixed_window,437,total_miss,1,32,272,exceeds,32,272,within
all-MiniLM-L6-v2__fixed_window,all-MiniLM-L6-v2,fixed_window,439,full_success,1,29,314,exceeds,29,314,within
all-MiniLM-L6-v2__fixed_window,all-MiniLM-L6-v2,fixed_window,440,full_success,1,28,314,exceeds,28,314,within
all-MiniLM-L6-v2__fixed_window,all-MiniLM-L6-v2,fixed_window,443,full_success,1,22,298,exceeds,22,298,within
all-MiniLM-L6-v2__fixed_window,all-MiniLM-L6-v2,fixed_window,452,mis_ranked,2,16,213,within,16,213,within
all-MiniLM-L6-v2__fixed_window,all-MiniLM-L6-v2,fixed_window,475,total_miss,1,20,250,within,20,250,within
all-MiniLM-L6-v2__fixed_window,all-MiniLM-L6-v2,fixed_window,478,full_success,1,41,196,within,41,196,within
all-MiniLM-L6-v2__fixed_window,all-MiniLM-L6-v2,fixed_window,48,full_success,1,25,425,exceeds,25,425,within
all-MiniLM-L6-v2__fixed_window,all-MiniLM-L6-v2,fixed_window,49,full_success,1,18,253,within,18,253,within
all-MiniLM-L6-v2__fixed_window,all-MiniLM-L6-v2,fixed_window,491,full_success,1,20,215,within,20,215,within
all-MiniLM-L6-v2__fixed_window,all-MiniLM-L6-v2,fixed_window,5,full_success,1,15,425,exceeds,15,425,within
all-MiniLM-L6-v2__fixed_window,all-MiniLM-L6-v2,fixed_window,50,full_success,1,11,271,exceeds,11,271,within
all-MiniLM-L6-v2__fixed_window,all-MiniLM-L6-v2,fixed_window,501,full_success,1,11,452,exceeds,11,452,within
all-MiniLM-L6-v2__fixed_window,all-MiniLM-L6-v2,fixed_window,502,total_miss,1,22,791,exceeds,22,791,exceeds
all-MiniLM-L6-v2__fixed_window,all-MiniLM-L6-v2,fixed_window,507,mis_ranked,1,28,255,within,28,255,within
all-MiniLM-L6-v2__fixed_window,all-MiniLM-L6-v2,fixed_window,508,mis_ranked,1,19,238,within,19,238,within
all-MiniLM-L6-v2__fixed_window,all-MiniLM-L6-v2,fixed_window,51,full_success,1,14,238,within,14,238,within
all-MiniLM-L6-v2__fixed_window,all-MiniLM-L6-v2,fixed_window,513,mis_ranked,1,15,531,exceeds,15,531,exceeds
all-MiniLM-L6-v2__fixed_window,all-MiniLM-L6-v2,fixed_window,514,full_success,1,34,460,exceeds,34,460,within
all-MiniLM-L6-v2__fixed_window,all-MiniLM-L6-v2,fixed_window,516,full_success,1,28,849,exceeds,28,849,exceeds
all-MiniLM-L6-v2__fixed_window,all-MiniLM-L6-v2,fixed_window,517,total_miss,1,13,595,exceeds,13,595,exceeds
all-MiniLM-L6-v2__fixed_window,all-MiniLM-L6-v2,fixed_window,521,full_success,1,43,714,exceeds,43,714,exceeds
all-MiniLM-L6-v2__fixed_window,all-MiniLM-L6-v2,fixed_window,525,full_success,1,31,234,within,31,234,within
all-MiniLM-L6-v2__fixed_window,all-MiniLM-L6-v2,fixed_window,527,mis_ranked,1,41,282,exceeds,41,282,within
all-MiniLM-L6-v2__fixed_window,all-MiniLM-L6-v2,fixed_window,528,full_success,1,64,387,exceeds,64,387,within
all-MiniLM-L6-v2__fixed_window,all-MiniLM-L6-v2,fixed_window,53,full_success,1,17,238,within,17,238,within
all-MiniLM-L6-v2__fixed_window,all-MiniLM-L6-v2,fixed_window,532,full_success,1,23,537,exceeds,23,537,exceeds
all-MiniLM-L6-v2__fixed_window,all-MiniLM-L6-v2,fixed_window,533,full_success,1,23,537,exceeds,23,537,exceeds
all-MiniLM-L6-v2__fixed_window,all-MiniLM-L6-v2,fixed_window,535,full_success,1,13,560,exceeds,13,560,exceeds
all-MiniLM-L6-v2__fixed_window,all-MiniLM-L6-v2,fixed_window,536,full_success,1,18,330,exceeds,18,330,within
all-MiniLM-L6-v2__fixed_window,all-MiniLM-L6-v2,fixed_window,539,full_success,1,14,685,exceeds,14,685,exceeds
all-MiniLM-L6-v2__fixed_window,all-MiniLM-L6-v2,fixed_window,54,full_success,1,23,314,exceeds,23,314,within
all-MiniLM-L6-v2__fixed_window,all-MiniLM-L6-v2,fixed_window,540,mis_ranked,2,22,350,exceeds,22,350,within
all-MiniLM-L6-v2__fixed_window,all-MiniLM-L6-v2,fixed_window,544,mis_ranked,1,20,366,exceeds,20,366,within
all-MiniLM-L6-v2__fixed_window,all-MiniLM-L6-v2,fixed_window,549,full_success,1,17,267,exceeds,17,267,within
all-MiniLM-L6-v2__fixed_window,all-MiniLM-L6-v2,fixed_window,551,mis_ranked,1,44,230,within,44,230,within
all-MiniLM-L6-v2__fixed_window,all-MiniLM-L6-v2,fixed_window,552,full_success,1,36,360,exceeds,36,360,within
all-MiniLM-L6-v2__fixed_window,all-MiniLM-L6-v2,fixed_window,554,mis_ranked,1,22,303,exceeds,22,303,within
all-MiniLM-L6-v2__fixed_window,all-MiniLM-L6-v2,fixed_window,56,full_success,1,32,306,exceeds,32,306,within
all-MiniLM-L6-v2__fixed_window,all-MiniLM-L6-v2,fixed_window,560,total_miss,1,21,337,exceeds,21,337,within
all-MiniLM-L6-v2__fixed_window,all-MiniLM-L6-v2,fixed_window,569,mis_ranked,1,14,317,exceeds,14,317,within
all-MiniLM-L6-v2__fixed_window,all-MiniLM-L6-v2,fixed_window,57,full_success,1,33,306,exceeds,33,306,within
all-MiniLM-L6-v2__fixed_window,all-MiniLM-L6-v2,fixed_window,575,mis_ranked,1,28,229,within,28,229,within
all-MiniLM-L6-v2__fixed_window,all-MiniLM-L6-v2,fixed_window,577,mis_ranked,1,37,174,within,37,174,within
all-MiniLM-L6-v2__fixed_window,all-MiniLM-L6-v2,fixed_window,578,full_success,1,28,389,exceeds,28,389,within
all-MiniLM-L6-v2__fixed_window,all-MiniLM-L6-v2,fixed_window,587,total_miss,1,41,256,within,41,256,within
all-MiniLM-L6-v2__fixed_window,all-MiniLM-L6-v2,fixed_window,589,full_success,1,28,652,exceeds,28,652,exceeds
all-MiniLM-L6-v2__fixed_window,all-MiniLM-L6-v2,fixed_window,593,full_success,1,15,405,exceeds,15,405,within
all-MiniLM-L6-v2__fixed_window,all-MiniLM-L6-v2,fixed_window,597,mis_ranked,3,10,326,exceeds,10,326,within
all-MiniLM-L6-v2__fixed_window,all-MiniLM-L6-v2,fixed_window,598,mis_ranked,1,26,326,exceeds,26,326,within
all-MiniLM-L6-v2__fixed_window,all-MiniLM-L6-v2,fixed_window,613,full_success,1,27,306,exceeds,27,306,within
all-MiniLM-L6-v2__fixed_window,all-MiniLM-L6-v2,fixed_window,619,total_miss,2,20,366,exceeds,20,366,within
all-MiniLM-L6-v2__fixed_window,all-MiniLM-L6-v2,fixed_window,623,mis_ranked,1,18,280,exceeds,18,280,within
all-MiniLM-L6-v2__fixed_window,all-MiniLM-L6-v2,fixed_window,628,mis_ranked,1,26,282,exceeds,26,282,within
all-MiniLM-L6-v2__fixed_window,all-MiniLM-L6-v2,fixed_window,636,full_success,1,40,353,exceeds,40,353,within
all-MiniLM-L6-v2__fixed_window,all-MiniLM-L6-v2,fixed_window,637,mis_ranked,1,17,244,within,17,244,within
all-MiniLM-L6-v2__fixed_window,all-MiniLM-L6-v2,fixed_window,641,full_success,2,14,527,exceeds,14,527,exceeds
all-MiniLM-L6-v2__fixed_window,all-MiniLM-L6-v2,fixed_window,644,total_miss,1,10,859,exceeds,10,859,exceeds
all-MiniLM-L6-v2__fixed_window,all-MiniLM-L6-v2,fixed_window,649,full_success,1,20,382,exceeds,20,382,within
all-MiniLM-L6-v2__fixed_window,all-MiniLM-L6-v2,fixed_window,659,full_success,1,20,285,exceeds,20,285,within
all-MiniLM-L6-v2__fixed_window,all-MiniLM-L6-v2,fixed_window,660,total_miss,1,17,285,exceeds,17,285,within
all-MiniLM-L6-v2__fixed_window,all-MiniLM-L6-v2,fixed_window,674,full_success,1,17,550,exceeds,17,550,exceeds
all-MiniLM-L6-v2__fixed_window,all-MiniLM-L6-v2,fixed_window,684,mis_ranked,1,22,406,exceeds,22,406,within
all-MiniLM-L6-v2__fixed_window,all-MiniLM-L6-v2,fixed_window,690,total_miss,1,43,311,exceeds,43,311,within
all-MiniLM-L6-v2__fixed_window,all-MiniLM-L6-v2,fixed_window,691,mis_ranked,1,27,248,within,27,248,within
all-MiniLM-L6-v2__fixed_window,all-MiniLM-L6-v2,fixed_window,692,full_success,1,18,499,exceeds,18,499,within
all-MiniLM-L6-v2__fixed_window,all-MiniLM-L6-v2,fixed_window,693,full_success,1,18,499,exceeds,18,499,within
all-MiniLM-L6-v2__fixed_window,all-MiniLM-L6-v2,fixed_window,70,mis_ranked,2,14,423,exceeds,14,423,within
all-MiniLM-L6-v2__fixed_window,all-MiniLM-L6-v2,fixed_window,700,full_success,1,20,335,exceeds,20,335,within
all-MiniLM-L6-v2__fixed_window,all-MiniLM-L6-v2,fixed_window,702,full_success,1,21,335,exceeds,21,335,within
all-MiniLM-L6-v2__fixed_window,all-MiniLM-L6-v2,fixed_window,715,total_miss,1,25,234,within,25,234,within
all-MiniLM-L6-v2__fixed_window,all-MiniLM-L6-v2,fixed_window,716,total_miss,1,18,234,within,18,234,within
all-MiniLM-L6-v2__fixed_window,all-MiniLM-L6-v2,fixed_window,718,full_success,1,22,273,exceeds,22,273,within
all-MiniLM-L6-v2__fixed_window,all-MiniLM-L6-v2,fixed_window,72,full_success,1,19,271,exceeds,19,271,within
all-MiniLM-L6-v2__fixed_window,all-MiniLM-L6-v2,fixed_window,721,full_success,1,28,250,within,28,250,within
all-MiniLM-L6-v2__fixed_window,all-MiniLM-L6-v2,fixed_window,723,full_success,1,24,251,within,24,251,within
all-MiniLM-L6-v2__fixed_window,all-MiniLM-L6-v2,fixed_window,727,mis_ranked,1,24,265,exceeds,24,265,within
all-MiniLM-L6-v2__fixed_window,all-MiniLM-L6-v2,fixed_window,728,full_success,2,23,388,exceeds,23,388,within
all-MiniLM-L6-v2__fixed_window,all-MiniLM-L6-v2,fixed_window,729,mis_ranked,1,24,283,exceeds,24,283,within
all-MiniLM-L6-v2__fixed_window,all-MiniLM-L6-v2,fixed_window,742,full_success,1,17,400,exceeds,17,400,within
all-MiniLM-L6-v2__fixed_window,all-MiniLM-L6-v2,fixed_window,743,full_success,1,14,400,exceeds,14,400,within
all-MiniLM-L6-v2__fixed_window,all-MiniLM-L6-v2,fixed_window,744,mis_ranked,1,26,240,within,26,240,within
all-MiniLM-L6-v2__fixed_window,all-MiniLM-L6-v2,fixed_window,75,mis_ranked,1,28,420,exceeds,28,420,within
all-MiniLM-L6-v2__fixed_window,all-MiniLM-L6-v2,fixed_window,756,mis_ranked,1,24,286,exceeds,24,286,within
all-MiniLM-L6-v2__fixed_window,all-MiniLM-L6-v2,fixed_window,759,full_success,1,32,612,exceeds,32,612,exceeds
all-MiniLM-L6-v2__fixed_window,all-MiniLM-L6-v2,fixed_window,768,mis_ranked,1,37,286,exceeds,37,286,within
all-MiniLM-L6-v2__fixed_window,all-MiniLM-L6-v2,fixed_window,770,full_success,1,42,778,exceeds,42,778,exceeds
all-MiniLM-L6-v2__fixed_window,all-MiniLM-L6-v2,fixed_window,775,total_miss,1,35,288,exceeds,35,288,within
all-MiniLM-L6-v2__fixed_window,all-MiniLM-L6-v2,fixed_window,781,full_success,1,27,313,exceeds,27,313,within
all-MiniLM-L6-v2__fixed_window,all-MiniLM-L6-v2,fixed_window,783,mis_ranked,1,25,303,exceeds,25,303,within
all-MiniLM-L6-v2__fixed_window,all-MiniLM-L6-v2,fixed_window,784,full_success,1,24,264,exceeds,24,264,within
all-MiniLM-L6-v2__fixed_window,all-MiniLM-L6-v2,fixed_window,785,full_success,1,32,546,exceeds,32,546,exceeds
all-MiniLM-L6-v2__fixed_window,all-MiniLM-L6-v2,fixed_window,793,full_success,1,16,142,within,16,142,within
all-MiniLM-L6-v2__fixed_window,all-MiniLM-L6-v2,fixed_window,800,mis_ranked,1,26,164,within,26,164,within
all-MiniLM-L6-v2__fixed_window,all-MiniLM-L6-v2,fixed_window,805,full_success,1,19,305,exceeds,19,305,within
all-MiniLM-L6-v2__fixed_window,all-MiniLM-L6-v2,fixed_window,808,full_success,1,14,198,within,14,198,within
all-MiniLM-L6-v2__fixed_window,all-MiniLM-L6-v2,fixed_window,811,full_success,1,24,394,exceeds,24,394,within
all-MiniLM-L6-v2__fixed_window,all-MiniLM-L6-v2,fixed_window,814,full_success,1,39,360,exceeds,39,360,within
all-MiniLM-L6-v2__fixed_window,all-MiniLM-L6-v2,fixed_window,820,total_miss,1,13,369,exceeds,13,369,within
all-MiniLM-L6-v2__fixed_window,all-MiniLM-L6-v2,fixed_window,821,total_miss,1,13,369,exceeds,13,369,within
all-MiniLM-L6-v2__fixed_window,all-MiniLM-L6-v2,fixed_window,823,full_success,1,19,719,exceeds,19,719,exceeds
all-MiniLM-L6-v2__fixed_window,all-MiniLM-L6-v2,fixed_window,830,total_miss,1,41,240,within,41,240,within
all-MiniLM-L6-v2__fixed_window,all-MiniLM-L6-v2,fixed_window,831,total_miss,1,31,240,within,31,240,within
all-MiniLM-L6-v2__fixed_window,all-MiniLM-L6-v2,fixed_window,832,full_success,1,17,284,exceeds,17,284,within
all-MiniLM-L6-v2__fixed_window,all-MiniLM-L6-v2,fixed_window,834,total_miss,1,22,253,within,22,253,within
all-MiniLM-L6-v2__fixed_window,all-MiniLM-L6-v2,fixed_window,837,mis_ranked,1,17,332,exceeds,17,332,within
all-MiniLM-L6-v2__fixed_window,all-MiniLM-L6-v2,fixed_window,839,full_success,1,26,307,exceeds,26,307,within
all-MiniLM-L6-v2__fixed_window,all-MiniLM-L6-v2,fixed_window,845,mis_ranked,1,25,170,within,25,170,within
all-MiniLM-L6-v2__fixed_window,all-MiniLM-L6-v2,fixed_window,847,full_success,1,24,300,exceeds,24,300,within
all-MiniLM-L6-v2__fixed_window,all-MiniLM-L6-v2,fixed_window,852,full_success,1,19,365,exceeds,19,365,within
all-MiniLM-L6-v2__fixed_window,all-MiniLM-L6-v2,fixed_window,859,mis_ranked,1,14,279,exceeds,14,279,within
all-MiniLM-L6-v2__fixed_window,all-MiniLM-L6-v2,fixed_window,870,total_miss,1,7,752,exceeds,7,752,exceeds
all-MiniLM-L6-v2__fixed_window,all-MiniLM-L6-v2,fixed_window,873,mis_ranked,5,10,485,exceeds,10,485,within
all-MiniLM-L6-v2__fixed_window,all-MiniLM-L6-v2,fixed_window,879,full_success,1,21,240,within,21,240,within
all-MiniLM-L6-v2__fixed_window,all-MiniLM-L6-v2,fixed_window,880,mis_ranked,1,20,240,within,20,240,within
all-MiniLM-L6-v2__fixed_window,all-MiniLM-L6-v2,fixed_window,882,full_success,1,26,362,exceeds,26,362,within
all-MiniLM-L6-v2__fixed_window,all-MiniLM-L6-v2,fixed_window,887,mis_ranked,1,17,470,exceeds,17,470,within
all-MiniLM-L6-v2__fixed_window,all-MiniLM-L6-v2,fixed_window,903,full_success,1,18,288,exceeds,18,288,within
all-MiniLM-L6-v2__fixed_window,all-MiniLM-L6-v2,fixed_window,904,full_success,1,43,320,exceeds,43,320,within
all-MiniLM-L6-v2__fixed_window,all-MiniLM-L6-v2,fixed_window,907,full_success,1,23,130,within,23,130,within
all-MiniLM-L6-v2__fixed_window,all-MiniLM-L6-v2,fixed_window,911,full_success,1,27,572,exceeds,27,572,exceeds
all-MiniLM-L6-v2__fixed_window,all-MiniLM-L6-v2,fixed_window,913,mis_ranked,1,17,261,exceeds,17,261,within
all-MiniLM-L6-v2__fixed_window,all-MiniLM-L6-v2,fixed_window,914,full_success,1,17,261,exceeds,17,261,within
all-MiniLM-L6-v2__fixed_window,all-MiniLM-L6-v2,fixed_window,921,full_success,1,13,523,exceeds,13,523,exceeds
all-MiniLM-L6-v2__fixed_window,all-MiniLM-L6-v2,fixed_window,922,full_success,1,15,402,exceeds,15,402,within
all-MiniLM-L6-v2__fixed_window,all-MiniLM-L6-v2,fixed_window,936,full_success,1,20,253,within,20,253,within
all-MiniLM-L6-v2__fixed_window,all-MiniLM-L6-v2,fixed_window,94,full_success,1,20,285,exceeds,20,285,within
all-MiniLM-L6-v2__fixed_window,all-MiniLM-L6-v2,fixed_window,956,full_success,1,26,200,within,26,200,within
all-MiniLM-L6-v2__fixed_window,all-MiniLM-L6-v2,fixed_window,957,full_success,1,15,277,exceeds,15,277,within
all-MiniLM-L6-v2__fixed_window,all-MiniLM-L6-v2,fixed_window,960,full_success,1,10,313,exceeds,10,313,within
all-MiniLM-L6-v2__fixed_window,all-MiniLM-L6-v2,fixed_window,967,full_success,2,26,324,exceeds,26,324,within
all-MiniLM-L6-v2__fixed_window,all-MiniLM-L6-v2,fixed_window,971,mis_ranked,4,31,1149,exceeds,31,1149,exceeds
all-MiniLM-L6-v2__fixed_window,all-MiniLM-L6-v2,fixed_window,975,total_miss,1,20,318,exceeds,20,318,within
all-MiniLM-L6-v2__fixed_window,all-MiniLM-L6-v2,fixed_window,982,full_success,1,25,227,within,25,227,within
all-MiniLM-L6-v2__fixed_window,all-MiniLM-L6-v2,fixed_window,985,full_success,1,24,263,exceeds,24,263,within
all-MiniLM-L6-v2__fixed_window,all-MiniLM-L6-v2,fixed_window,99,mis_ranked,1,18,340,exceeds,18,340,within
all-MiniLM-L6-v2__fixed_window,all-MiniLM-L6-v2,fixed_window,993,mis_ranked,1,25,278,exceeds,25,278,within
all-MiniLM-L6-v2__sentence_window,all-MiniLM-L6-v2,sentence_window,1,mis_ranked,1,15,149,within,15,149,within
all-MiniLM-L6-v2__sentence_window,all-MiniLM-L6-v2,sentence_window,100,mis_ranked,1,17,385,exceeds,17,385,within
all-MiniLM-L6-v2__sentence_window,all-MiniLM-L6-v2,sentence_window,1012,full_success,1,21,461,exceeds,21,461,within
all-MiniLM-L6-v2__sentence_window,all-MiniLM-L6-v2,sentence_window,1014,full_success,1,19,210,within,19,210,within
all-MiniLM-L6-v2__sentence_window,all-MiniLM-L6-v2,sentence_window,1019,mis_ranked,1,17,421,exceeds,17,421,within
all-MiniLM-L6-v2__sentence_window,all-MiniLM-L6-v2,sentence_window,1020,mis_ranked,1,32,267,exceeds,32,267,within
all-MiniLM-L6-v2__sentence_window,all-MiniLM-L6-v2,sentence_window,1021,mis_ranked,1,32,267,exceeds,32,267,within
all-MiniLM-L6-v2__sentence_window,all-MiniLM-L6-v2,sentence_window,1024,mis_ranked,1,20,224,within,20,224,within
all-MiniLM-L6-v2__sentence_window,all-MiniLM-L6-v2,sentence_window,1029,full_success,3,33,369,exceeds,33,369,within
all-MiniLM-L6-v2__sentence_window,all-MiniLM-L6-v2,sentence_window,1041,mis_ranked,2,33,353,exceeds,33,353,within
all-MiniLM-L6-v2__sentence_window,all-MiniLM-L6-v2,sentence_window,1049,mis_ranked,1,18,239,within,18,239,within
all-MiniLM-L6-v2__sentence_window,all-MiniLM-L6-v2,sentence_window,1062,full_success,1,25,389,exceeds,25,389,within
all-MiniLM-L6-v2__sentence_window,all-MiniLM-L6-v2,sentence_window,1086,full_success,1,30,491,exceeds,30,491,within
all-MiniLM-L6-v2__sentence_window,all-MiniLM-L6-v2,sentence_window,1088,full_success,1,19,204,within,19,204,within
all-MiniLM-L6-v2__sentence_window,all-MiniLM-L6-v2,sentence_window,1089,full_success,1,30,371,exceeds,30,371,within
all-MiniLM-L6-v2__sentence_window,all-MiniLM-L6-v2,sentence_window,1099,mis_ranked,1,10,166,within,10,166,within
all-MiniLM-L6-v2__sentence_window,all-MiniLM-L6-v2,sentence_window,1100,mis_ranked,1,10,166,within,10,166,within
all-MiniLM-L6-v2__sentence_window,all-MiniLM-L6-v2,sentence_window,1104,full_success,1,35,904,exceeds,35,904,exceeds
all-MiniLM-L6-v2__sentence_window,all-MiniLM-L6-v2,sentence_window,1107,mis_ranked,1,16,181,within,16,181,within
all-MiniLM-L6-v2__sentence_window,all-MiniLM-L6-v2,sentence_window,1110,total_miss,1,14,1021,exceeds,14,1021,exceeds
all-MiniLM-L6-v2__sentence_window,all-MiniLM-L6-v2,sentence_window,1121,mis_ranked,1,26,403,exceeds,26,403,within
all-MiniLM-L6-v2__sentence_window,all-MiniLM-L6-v2,sentence_window,113,full_success,1,22,468,exceeds,22,468,within
all-MiniLM-L6-v2__sentence_window,all-MiniLM-L6-v2,sentence_window,1130,full_success,1,31,247,within,31,247,within
all-MiniLM-L6-v2__sentence_window,all-MiniLM-L6-v2,sentence_window,1132,mis_ranked,2,28,275,exceeds,28,275,within
all-MiniLM-L6-v2__sentence_window,all-MiniLM-L6-v2,sentence_window,1137,full_success,1,18,463,exceeds,18,463,within
all-MiniLM-L6-v2__sentence_window,all-MiniLM-L6-v2,sentence_window,1140,full_success,1,20,653,exceeds,20,653,exceeds
all-MiniLM-L6-v2__sentence_window,all-MiniLM-L6-v2,sentence_window,1144,full_success,1,23,531,exceeds,23,531,exceeds
all-MiniLM-L6-v2__sentence_window,all-MiniLM-L6-v2,sentence_window,1146,full_success,1,15,454,exceeds,15,454,within
all-MiniLM-L6-v2__sentence_window,all-MiniLM-L6-v2,sentence_window,115,full_success,1,16,318,exceeds,16,318,within
all-MiniLM-L6-v2__sentence_window,all-MiniLM-L6-v2,sentence_window,1150,full_success,1,25,238,within,25,238,within
all-MiniLM-L6-v2__sentence_window,all-MiniLM-L6-v2,sentence_window,1163,full_success,1,20,244,within,20,244,within
all-MiniLM-L6-v2__sentence_window,all-MiniLM-L6-v2,sentence_window,1175,total_miss,1,16,216,within,16,216,within
all-MiniLM-L6-v2__sentence_window,all-MiniLM-L6-v2,sentence_window,1179,total_miss,1,20,216,within,20,216,within
all-MiniLM-L6-v2__sentence_window,all-MiniLM-L6-v2,sentence_window,118,full_success,1,23,257,exceeds,23,257,within
all-MiniLM-L6-v2__sentence_window,all-MiniLM-L6-v2,sentence_window,1180,mis_ranked,1,16,216,within,16,216,within
all-MiniLM-L6-v2__sentence_window,all-MiniLM-L6-v2,sentence_window,1185,full_success,1,36,485,exceeds,36,485,within
all-MiniLM-L6-v2__sentence_window,all-MiniLM-L6-v2,sentence_window,1187,full_success,1,36,349,exceeds,36,349,within
all-MiniLM-L6-v2__sentence_window,all-MiniLM-L6-v2,sentence_window,1191,mis_ranked,1,14,159,within,14,159,within
all-MiniLM-L6-v2__sentence_window,all-MiniLM-L6-v2,sentence_window,1194,mis_ranked,1,32,264,exceeds,32,264,within
all-MiniLM-L6-v2__sentence_window,all-MiniLM-L6-v2,sentence_window,1196,mis_ranked,1,16,244,within,16,244,within
all-MiniLM-L6-v2__sentence_window,all-MiniLM-L6-v2,sentence_window,1197,mis_ranked,1,17,244,within,17,244,within
all-MiniLM-L6-v2__sentence_window,all-MiniLM-L6-v2,sentence_window,1199,total_miss,1,26,637,exceeds,26,637,exceeds
all-MiniLM-L6-v2__sentence_window,all-MiniLM-L6-v2,sentence_window,1200,total_miss,1,42,274,exceeds,42,274,within
all-MiniLM-L6-v2__sentence_window,all-MiniLM-L6-v2,sentence_window,1202,full_success,1,22,261,exceeds,22,261,within
all-MiniLM-L6-v2__sentence_window,all-MiniLM-L6-v2,sentence_window,1204,full_success,1,32,321,exceeds,32,321,within
all-MiniLM-L6-v2__sentence_window,all-MiniLM-L6-v2,sentence_window,1207,full_success,1,38,297,exceeds,38,297,within
all-MiniLM-L6-v2__sentence_window,all-MiniLM-L6-v2,sentence_window,1213,total_miss,1,21,599,exceeds,21,599,exceeds
all-MiniLM-L6-v2__sentence_window,all-MiniLM-L6-v2,sentence_window,1216,full_success,1,20,262,exceeds,20,262,within
all-MiniLM-L6-v2__sentence_window,all-MiniLM-L6-v2,sentence_window,1221,total_miss,1,24,296,exceeds,24,296,within
all-MiniLM-L6-v2__sentence_window,all-MiniLM-L6-v2,sentence_window,1225,mis_ranked,1,19,287,exceeds,19,287,within
all-MiniLM-L6-v2__sentence_window,all-MiniLM-L6-v2,sentence_window,1226,total_miss,1,23,315,exceeds,23,315,within
all-MiniLM-L6-v2__sentence_window,all-MiniLM-L6-v2,sentence_window,1232,full_success,1,25,255,within,25,255,within
all-MiniLM-L6-v2__sentence_window,all-MiniLM-L6-v2,sentence_window,124,full_success,1,21,524,exceeds,21,524,exceeds
all-MiniLM-L6-v2__sentence_window,all-MiniLM-L6-v2,sentence_window,1241,mis_ranked,1,20,416,exceeds,20,416,within
all-MiniLM-L6-v2__sentence_window,all-MiniLM-L6-v2,sentence_window,1245,full_success,1,15,324,exceeds,15,324,within
all-MiniLM-L6-v2__sentence_window,all-MiniLM-L6-v2,sentence_window,1259,mis_ranked,1,35,708,exceeds,35,708,exceeds
all-MiniLM-L6-v2__sentence_window,all-MiniLM-L6-v2,sentence_window,1262,full_success,1,20,217,within,20,217,within
all-MiniLM-L6-v2__sentence_window,all-MiniLM-L6-v2,sentence_window,1266,full_success,1,35,511,exceeds,35,511,within
all-MiniLM-L6-v2__sentence_window,all-MiniLM-L6-v2,sentence_window,127,full_success,1,20,292,exceeds,20,292,within
all-MiniLM-L6-v2__sentence_window,all-MiniLM-L6-v2,sentence_window,1270,full_success,1,18,576,exceeds,18,576,exceeds
all-MiniLM-L6-v2__sentence_window,all-MiniLM-L6-v2,sentence_window,1271,full_success,1,31,523,exceeds,31,523,exceeds
all-MiniLM-L6-v2__sentence_window,all-MiniLM-L6-v2,sentence_window,1272,total_miss,1,23,177,within,23,177,within
all-MiniLM-L6-v2__sentence_window,all-MiniLM-L6-v2,sentence_window,1273,full_success,1,21,282,exceeds,21,282,within
all-MiniLM-L6-v2__sentence_window,all-MiniLM-L6-v2,sentence_window,1274,full_success,3,44,335,exceeds,44,335,within
all-MiniLM-L6-v2__sentence_window,all-MiniLM-L6-v2,sentence_window,1278,full_success,1,23,234,within,23,234,within
all-MiniLM-L6-v2__sentence_window,all-MiniLM-L6-v2,sentence_window,1279,full_success,1,23,234,within,23,234,within
all-MiniLM-L6-v2__sentence_window,all-MiniLM-L6-v2,sentence_window,128,total_miss,1,16,366,exceeds,16,366,within
all-MiniLM-L6-v2__sentence_window,all-MiniLM-L6-v2,sentence_window,1280,mis_ranked,1,34,420,exceeds,34,420,within
all-MiniLM-L6-v2__sentence_window,all-MiniLM-L6-v2,sentence_window,1281,mis_ranked,1,19,420,exceeds,19,420,within
all-MiniLM-L6-v2__sentence_window,all-MiniLM-L6-v2,sentence_window,1282,full_success,1,28,399,exceeds,28,399,within
all-MiniLM-L6-v2__sentence_window,all-MiniLM-L6-v2,sentence_window,129,full_success,1,18,1363,exceeds,18,1363,exceeds
all-MiniLM-L6-v2__sentence_window,all-MiniLM-L6-v2,sentence_window,1290,full_success,1,15,627,exceeds,15,627,exceeds
all-MiniLM-L6-v2__sentence_window,all-MiniLM-L6-v2,sentence_window,1292,full_success,1,17,215,within,17,215,within
all-MiniLM-L6-v2__sentence_window,all-MiniLM-L6-v2,sentence_window,1298,full_success,1,35,516,exceeds,35,516,exceeds
all-MiniLM-L6-v2__sentence_window,all-MiniLM-L6-v2,sentence_window,13,total_miss,1,16,563,exceeds,16,563,exceeds
all-MiniLM-L6-v2__sentence_window,all-MiniLM-L6-v2,sentence_window,130,full_success,1,18,1363,exceeds,18,1363,exceeds
all-MiniLM-L6-v2__sentence_window,all-MiniLM-L6-v2,sentence_window,1303,mis_ranked,1,15,297,exceeds,15,297,within
all-MiniLM-L6-v2__sentence_window,all-MiniLM-L6-v2,sentence_window,1316,total_miss,1,18,266,exceeds,18,266,within
all-MiniLM-L6-v2__sentence_window,all-MiniLM-L6-v2,sentence_window,1319,full_success,1,16,266,exceeds,16,266,within
all-MiniLM-L6-v2__sentence_window,all-MiniLM-L6-v2,sentence_window,132,total_miss,1,14,262,exceeds,14,262,within
all-MiniLM-L6-v2__sentence_window,all-MiniLM-L6-v2,sentence_window,1320,full_success,1,25,266,exceeds,25,266,within
all-MiniLM-L6-v2__sentence_window,all-MiniLM-L6-v2,sentence_window,133,mis_ranked,5,49,480,exceeds,49,480,within
all-MiniLM-L6-v2__sentence_window,all-MiniLM-L6-v2,sentence_window,1332,total_miss,1,42,318,exceeds,42,318,within
all-MiniLM-L6-v2__sentence_window,all-MiniLM-L6-v2,sentence_window,1335,full_success,1,15,266,exceeds,15,266,within
all-MiniLM-L6-v2__sentence_window,all-MiniLM-L6-v2,sentence_window,1336,full_success,1,14,266,exceeds,14,266,within
all-MiniLM-L6-v2__sentence_window,all-MiniLM-L6-v2,sentence_window,1337,mis_ranked,1,32,279,exceeds,32,279,within
all-MiniLM-L6-v2__sentence_window,all-MiniLM-L6-v2,sentence_window,1339,full_success,1,16,490,exceeds,16,490,within
all-MiniLM-L6-v2__sentence_window,all-MiniLM-L6-v2,sentence_window,1344,mis_ranked,1,37,159,within,37,159,within
all-MiniLM-L6-v2__sentence_window,all-MiniLM-L6-v2,sentence_window,1352,full_success,1,22,291,exceeds,22,291,within
all-MiniLM-L6-v2__sentence_window,all-MiniLM-L6-v2,sentence_window,1359,full_success,1,36,716,exceeds,36,716,exceeds
all-MiniLM-L6-v2__sentence_window,all-MiniLM-L6-v2,sentence_window,1362,total_miss,1,16,366,exceeds,16,366,within
all-MiniLM-L6-v2__sentence_window,all-MiniLM-L6-v2,sentence_window,1363,total_miss,1,18,366,exceeds,18,366,within
all-MiniLM-L6-v2__sentence_window,all-MiniLM-L6-v2,sentence_window,1368,full_success,1,11,432,exceeds,11,432,within
all-MiniLM-L6-v2__sentence_window,all-MiniLM-L6-v2,sentence_window,137,full_success,1,20,283,exceeds,20,283,within
all-MiniLM-L6-v2__sentence_window,all-MiniLM-L6-v2,sentence_window,1370,full_success,1,11,432,exceeds,11,432,within
all-MiniLM-L6-v2__sentence_window,all-MiniLM-L6-v2,sentence_window,1379,full_success,4,19,584,exceeds,19,584,exceeds
all-MiniLM-L6-v2__sentence_window,all-MiniLM-L6-v2,sentence_window,1382,mis_ranked,1,17,237,within,17,237,within
all-MiniLM-L6-v2__sentence_window,all-MiniLM-L6-v2,sentence_window,1385,mis_ranked,1,11,188,within,11,188,within
all-MiniLM-L6-v2__sentence_window,all-MiniLM-L6-v2,sentence_window,1389,full_success,1,18,224,within,18,224,within
all-MiniLM-L6-v2__sentence_window,all-MiniLM-L6-v2,sentence_window,1395,mis_ranked,1,36,266,exceeds,36,266,within
all-MiniLM-L6-v2__sentence_window,all-MiniLM-L6-v2,sentence_window,141,full_success,2,19,504,exceeds,19,504,within
all-MiniLM-L6-v2__sentence_window,all-MiniLM-L6-v2,sentence_window,142,full_success,1,39,738,exceeds,39,738,exceeds
all-MiniLM-L6-v2__sentence_window,all-MiniLM-L6-v2,sentence_window,143,full_success,1,36,738,exceeds,36,738,exceeds
all-MiniLM-L6-v2__sentence_window,all-MiniLM-L6-v2,sentence_window,146,full_success,1,34,738,exceeds,34,738,exceeds
all-MiniLM-L6-v2__sentence_window,all-MiniLM-L6-v2,sentence_window,148,mis_ranked,1,10,270,exceeds,10,270,within
all-MiniLM-L6-v2__sentence_window,all-MiniLM-L6-v2,sentence_window,163,mis_ranked,1,14,460,exceeds,14,460,within
all-MiniLM-L6-v2__sentence_window,all-MiniLM-L6-v2,sentence_window,171,full_success,1,26,323,exceeds,26,323,within
all-MiniLM-L6-v2__sentence_window,all-MiniLM-L6-v2,sentence_window,179,full_success,4,12,584,exceeds,12,584,exceeds
all-MiniLM-L6-v2__sentence_window,all-MiniLM-L6-v2,sentence_window,180,full_success,1,36,323,exceeds,36,323,within
all-MiniLM-L6-v2__sentence_window,all-MiniLM-L6-v2,sentence_window,183,mis_ranked,1,13,265,exceeds,13,265,within
all-MiniLM-L6-v2__sentence_window,all-MiniLM-L6-v2,sentence_window,185,mis_ranked,1,12,516,exceeds,12,516,exceeds
all-MiniLM-L6-v2__sentence_window,all-MiniLM-L6-v2,sentence_window,198,total_miss,1,11,275,exceeds,11,275,within
all-MiniLM-L6-v2__sentence_window,all-MiniLM-L6-v2,sentence_window,208,full_success,1,12,361,exceeds,12,361,within
all-MiniLM-L6-v2__sentence_window,all-MiniLM-L6-v2,sentence_window,212,mis_ranked,1,11,289,exceeds,11,289,within
all-MiniLM-L6-v2__sentence_window,all-MiniLM-L6-v2,sentence_window,213,mis_ranked,1,26,601,exceeds,26,601,exceeds
all-MiniLM-L6-v2__sentence_window,all-MiniLM-L6-v2,sentence_window,216,full_success,1,18,356,exceeds,18,356,within
all-MiniLM-L6-v2__sentence_window,all-MiniLM-L6-v2,sentence_window,217,full_success,1,16,356,exceeds,16,356,within
all-MiniLM-L6-v2__sentence_window,all-MiniLM-L6-v2,sentence_window,218,full_success,1,17,356,exceeds,17,356,within
all-MiniLM-L6-v2__sentence_window,all-MiniLM-L6-v2,sentence_window,219,full_success,1,18,356,exceeds,18,356,within
all-MiniLM-L6-v2__sentence_window,all-MiniLM-L6-v2,sentence_window,230,full_success,1,22,482,exceeds,22,482,within
all-MiniLM-L6-v2__sentence_window,all-MiniLM-L6-v2,sentence_window,232,mis_ranked,1,19,80,within,19,80,within
all-MiniLM-L6-v2__sentence_window,all-MiniLM-L6-v2,sentence_window,233,full_success,1,18,283,exceeds,18,283,within
all-MiniLM-L6-v2__sentence_window,all-MiniLM-L6-v2,sentence_window,236,full_success,1,17,283,exceeds,17,283,within
all-MiniLM-L6-v2__sentence_window,all-MiniLM-L6-v2,sentence_window,237,mis_ranked,1,22,406,exceeds,22,406,within
all-MiniLM-L6-v2__sentence_window,all-MiniLM-L6-v2,sentence_window,238,mis_ranked,1,14,96,within,14,96,within
all-MiniLM-L6-v2__sentence_window,all-MiniLM-L6-v2,sentence_window,239,total_miss,1,11,341,exceeds,11,341,within
all-MiniLM-L6-v2__sentence_window,all-MiniLM-L6-v2,sentence_window,248,mis_ranked,1,16,218,within,16,218,within
all-MiniLM-L6-v2__sentence_window,all-MiniLM-L6-v2,sentence_window,249,mis_ranked,1,16,218,within,16,218,within
all-MiniLM-L6-v2__sentence_window,all-MiniLM-L6-v2,sentence_window,261,mis_ranked,2,23,543,exceeds,23,543,exceeds
all-MiniLM-L6-v2__sentence_window,all-MiniLM-L6-v2,sentence_window,268,mis_ranked,1,8,312,exceeds,8,312,within
all-MiniLM-L6-v2__sentence_window,all-MiniLM-L6-v2,sentence_window,269,mis_ranked,1,8,312,exceeds,8,312,within
all-MiniLM-L6-v2__sentence_window,all-MiniLM-L6-v2,sentence_window,274,full_success,1,41,716,exceeds,41,716,exceeds
all-MiniLM-L6-v2__sentence_window,all-MiniLM-L6-v2,sentence_window,275,mis_ranked,3,30,510,exceeds,30,510,within
all-MiniLM-L6-v2__sentence_window,all-MiniLM-L6-v2,sentence_window,279,full_success,1,25,410,exceeds,25,410,within
all-MiniLM-L6-v2__sentence_window,all-MiniLM-L6-v2,sentence_window,294,mis_ranked,1,22,387,exceeds,22,387,within
all-MiniLM-L6-v2__sentence_window,all-MiniLM-L6-v2,sentence_window,295,full_success,1,36,320,exceeds,36,320,within
all-MiniLM-L6-v2__sentence_window,all-MiniLM-L6-v2,sentence_window,298,full_success,1,25,198,within,25,198,within
all-MiniLM-L6-v2__sentence_window,all-MiniLM-L6-v2,sentence_window,3,full_success,1,28,354,exceeds,28,354,within
all-MiniLM-L6-v2__sentence_window,all-MiniLM-L6-v2,sentence_window,300,mis_ranked,1,43,352,exceeds,43,352,within
all-MiniLM-L6-v2__sentence_window,all-MiniLM-L6-v2,sentence_window,303,total_miss,1,25,283,exceeds,25,283,within
all-MiniLM-L6-v2__sentence_window,all-MiniLM-L6-v2,sentence_window,312,mis_ranked,1,21,476,exceeds,21,476,within
all-MiniLM-L6-v2__sentence_window,all-MiniLM-L6-v2,sentence_window,314,mis_ranked,1,34,325,exceeds,34,325,within
all-MiniLM-L6-v2__sentence_window,all-MiniLM-L6-v2,sentence_window,324,full_success,1,14,282,exceeds,14,282,within
all-MiniLM-L6-v2__sentence_window,all-MiniLM-L6-v2,sentence_window,327,full_success,1,21,247,within,21,247,within
all-MiniLM-L6-v2__sentence_window,all-MiniLM-L6-v2,sentence_window,338,full_success,1,15,649,exceeds,15,649,exceeds
all-MiniLM-L6-v2__sentence_window,all-MiniLM-L6-v2,sentence_window,343,full_success,2,25,481,exceeds,25,481,within
all-MiniLM-L6-v2__sentence_window,all-MiniLM-L6-v2,sentence_window,350,full_success,1,23,203,within,23,203,within
all-MiniLM-L6-v2__sentence_window,all-MiniLM-L6-v2,sentence_window,354,full_success,1,26,271,exceeds,26,271,within
all-MiniLM-L6-v2__sentence_window,all-MiniLM-L6-v2,sentence_window,36,mis_ranked,2,17,451,exceeds,17,451,within
all-MiniLM-L6-v2__sentence_window,all-MiniLM-L6-v2,sentence_window,362,full_success,1,36,304,exceeds,36,304,within
all-MiniLM-L6-v2__sentence_window,all-MiniLM-L6-v2,sentence_window,380,mis_ranked,1,18,216,within,18,216,within
all-MiniLM-L6-v2__sentence_window,all-MiniLM-L6-v2,sentence_window,384,mis_ranked,1,23,1021,exceeds,23,1021,exceeds
all-MiniLM-L6-v2__sentence_window,all-MiniLM-L6-v2,sentence_window,385,mis_ranked,2,25,406,exceeds,25,406,within
all-MiniLM-L6-v2__sentence_window,all-MiniLM-L6-v2,sentence_window,386,full_success,1,22,244,within,22,244,within
all-MiniLM-L6-v2__sentence_window,all-MiniLM-L6-v2,sentence_window,388,full_success,1,13,252,within,13,252,within
all-MiniLM-L6-v2__sentence_window,all-MiniLM-L6-v2,sentence_window,399,full_success,1,15,463,exceeds,15,463,within
all-MiniLM-L6-v2__sentence_window,all-MiniLM-L6-v2,sentence_window,410,full_success,1,16,170,within,16,170,within
all-MiniLM-L6-v2__sentence_window,all-MiniLM-L6-v2,sentence_window,411,full_success,1,16,170,within,16,170,within
all-MiniLM-L6-v2__sentence_window,all-MiniLM-L6-v2,sentence_window,415,mis_ranked,1,26,579,exceeds,26,579,exceeds
all-MiniLM-L6-v2__sentence_window,all-MiniLM-L6-v2,sentence_window,42,full_success,1,33,702,exceeds,33,702,exceeds
all-MiniLM-L6-v2__sentence_window,all-MiniLM-L6-v2,sentence_window,421,total_miss,1,22,213,within,22,213,within
all-MiniLM-L6-v2__sentence_window,all-MiniLM-L6-v2,sentence_window,431,mis_ranked,1,23,238,within,23,238,within
all-MiniLM-L6-v2__sentence_window,all-MiniLM-L6-v2,sentence_window,436,full_success,1,22,294,exceeds,22,294,within
all-MiniLM-L6-v2__sentence_window,all-MiniLM-L6-v2,sentence_window,437,total_miss,1,32,272,exceeds,32,272,within
all-MiniLM-L6-v2__sentence_window,all-MiniLM-L6-v2,sentence_window,439,full_success,1,29,314,exceeds,29,314,within
all-MiniLM-L6-v2__sentence_window,all-MiniLM-L6-v2,sentence_window,440,full_success,1,28,314,exceeds,28,314,within
all-MiniLM-L6-v2__sentence_window,all-MiniLM-L6-v2,sentence_window,443,full_success,1,22,298,exceeds,22,298,within
all-MiniLM-L6-v2__sentence_window,all-MiniLM-L6-v2,sentence_window,452,total_miss,2,16,213,within,16,213,within
all-MiniLM-L6-v2__sentence_window,all-MiniLM-L6-v2,sentence_window,475,mis_ranked,1,20,250,within,20,250,within
all-MiniLM-L6-v2__sentence_window,all-MiniLM-L6-v2,sentence_window,478,full_success,1,41,196,within,41,196,within
all-MiniLM-L6-v2__sentence_window,all-MiniLM-L6-v2,sentence_window,48,mis_ranked,1,25,425,exceeds,25,425,within
all-MiniLM-L6-v2__sentence_window,all-MiniLM-L6-v2,sentence_window,49,full_success,1,18,253,within,18,253,within
all-MiniLM-L6-v2__sentence_window,all-MiniLM-L6-v2,sentence_window,491,full_success,1,20,215,within,20,215,within
all-MiniLM-L6-v2__sentence_window,all-MiniLM-L6-v2,sentence_window,5,full_success,1,15,425,exceeds,15,425,within
all-MiniLM-L6-v2__sentence_window,all-MiniLM-L6-v2,sentence_window,50,mis_ranked,1,11,271,exceeds,11,271,within
all-MiniLM-L6-v2__sentence_window,all-MiniLM-L6-v2,sentence_window,501,full_success,1,11,452,exceeds,11,452,within
all-MiniLM-L6-v2__sentence_window,all-MiniLM-L6-v2,sentence_window,502,total_miss,1,22,791,exceeds,22,791,exceeds
all-MiniLM-L6-v2__sentence_window,all-MiniLM-L6-v2,sentence_window,507,mis_ranked,1,28,255,within,28,255,within
all-MiniLM-L6-v2__sentence_window,all-MiniLM-L6-v2,sentence_window,508,mis_ranked,1,19,238,within,19,238,within
all-MiniLM-L6-v2__sentence_window,all-MiniLM-L6-v2,sentence_window,51,full_success,1,14,238,within,14,238,within
all-MiniLM-L6-v2__sentence_window,all-MiniLM-L6-v2,sentence_window,513,mis_ranked,1,15,531,exceeds,15,531,exceeds
all-MiniLM-L6-v2__sentence_window,all-MiniLM-L6-v2,sentence_window,514,full_success,1,34,460,exceeds,34,460,within
all-MiniLM-L6-v2__sentence_window,all-MiniLM-L6-v2,sentence_window,516,full_success,1,28,849,exceeds,28,849,exceeds
all-MiniLM-L6-v2__sentence_window,all-MiniLM-L6-v2,sentence_window,517,total_miss,1,13,595,exceeds,13,595,exceeds
all-MiniLM-L6-v2__sentence_window,all-MiniLM-L6-v2,sentence_window,521,full_success,1,43,714,exceeds,43,714,exceeds
all-MiniLM-L6-v2__sentence_window,all-MiniLM-L6-v2,sentence_window,525,full_success,1,31,234,within,31,234,within
all-MiniLM-L6-v2__sentence_window,all-MiniLM-L6-v2,sentence_window,527,mis_ranked,1,41,282,exceeds,41,282,within
all-MiniLM-L6-v2__sentence_window,all-MiniLM-L6-v2,sentence_window,528,full_success,1,64,387,exceeds,64,387,within
all-MiniLM-L6-v2__sentence_window,all-MiniLM-L6-v2,sentence_window,53,full_success,1,17,238,within,17,238,within
all-MiniLM-L6-v2__sentence_window,all-MiniLM-L6-v2,sentence_window,532,full_success,1,23,537,exceeds,23,537,exceeds
all-MiniLM-L6-v2__sentence_window,all-MiniLM-L6-v2,sentence_window,533,full_success,1,23,537,exceeds,23,537,exceeds
all-MiniLM-L6-v2__sentence_window,all-MiniLM-L6-v2,sentence_window,535,full_success,1,13,560,exceeds,13,560,exceeds
all-MiniLM-L6-v2__sentence_window,all-MiniLM-L6-v2,sentence_window,536,full_success,1,18,330,exceeds,18,330,within
all-MiniLM-L6-v2__sentence_window,all-MiniLM-L6-v2,sentence_window,539,full_success,1,14,685,exceeds,14,685,exceeds
all-MiniLM-L6-v2__sentence_window,all-MiniLM-L6-v2,sentence_window,54,full_success,1,23,314,exceeds,23,314,within
all-MiniLM-L6-v2__sentence_window,all-MiniLM-L6-v2,sentence_window,540,mis_ranked,2,22,350,exceeds,22,350,within
all-MiniLM-L6-v2__sentence_window,all-MiniLM-L6-v2,sentence_window,544,mis_ranked,1,20,366,exceeds,20,366,within
all-MiniLM-L6-v2__sentence_window,all-MiniLM-L6-v2,sentence_window,549,mis_ranked,1,17,267,exceeds,17,267,within
all-MiniLM-L6-v2__sentence_window,all-MiniLM-L6-v2,sentence_window,551,mis_ranked,1,44,230,within,44,230,within
all-MiniLM-L6-v2__sentence_window,all-MiniLM-L6-v2,sentence_window,552,full_success,1,36,360,exceeds,36,360,within
all-MiniLM-L6-v2__sentence_window,all-MiniLM-L6-v2,sentence_window,554,mis_ranked,1,22,303,exceeds,22,303,within
all-MiniLM-L6-v2__sentence_window,all-MiniLM-L6-v2,sentence_window,56,full_success,1,32,306,exceeds,32,306,within
all-MiniLM-L6-v2__sentence_window,all-MiniLM-L6-v2,sentence_window,560,total_miss,1,21,337,exceeds,21,337,within
all-MiniLM-L6-v2__sentence_window,all-MiniLM-L6-v2,sentence_window,569,mis_ranked,1,14,317,exceeds,14,317,within
all-MiniLM-L6-v2__sentence_window,all-MiniLM-L6-v2,sentence_window,57,full_success,1,33,306,exceeds,33,306,within
all-MiniLM-L6-v2__sentence_window,all-MiniLM-L6-v2,sentence_window,575,mis_ranked,1,28,229,within,28,229,within
all-MiniLM-L6-v2__sentence_window,all-MiniLM-L6-v2,sentence_window,577,mis_ranked,1,37,174,within,37,174,within
all-MiniLM-L6-v2__sentence_window,all-MiniLM-L6-v2,sentence_window,578,full_success,1,28,389,exceeds,28,389,within
all-MiniLM-L6-v2__sentence_window,all-MiniLM-L6-v2,sentence_window,587,total_miss,1,41,256,within,41,256,within
all-MiniLM-L6-v2__sentence_window,all-MiniLM-L6-v2,sentence_window,589,full_success,1,28,652,exceeds,28,652,exceeds
all-MiniLM-L6-v2__sentence_window,all-MiniLM-L6-v2,sentence_window,593,full_success,1,15,405,exceeds,15,405,within
all-MiniLM-L6-v2__sentence_window,all-MiniLM-L6-v2,sentence_window,597,full_success,3,10,326,exceeds,10,326,within
all-MiniLM-L6-v2__sentence_window,all-MiniLM-L6-v2,sentence_window,598,mis_ranked,1,26,326,exceeds,26,326,within
all-MiniLM-L6-v2__sentence_window,all-MiniLM-L6-v2,sentence_window,613,full_success,1,27,306,exceeds,27,306,within
all-MiniLM-L6-v2__sentence_window,all-MiniLM-L6-v2,sentence_window,619,total_miss,2,20,366,exceeds,20,366,within
all-MiniLM-L6-v2__sentence_window,all-MiniLM-L6-v2,sentence_window,623,mis_ranked,1,18,280,exceeds,18,280,within
all-MiniLM-L6-v2__sentence_window,all-MiniLM-L6-v2,sentence_window,628,mis_ranked,1,26,282,exceeds,26,282,within
all-MiniLM-L6-v2__sentence_window,all-MiniLM-L6-v2,sentence_window,636,full_success,1,40,353,exceeds,40,353,within
all-MiniLM-L6-v2__sentence_window,all-MiniLM-L6-v2,sentence_window,637,mis_ranked,1,17,244,within,17,244,within
all-MiniLM-L6-v2__sentence_window,all-MiniLM-L6-v2,sentence_window,641,full_success,2,14,527,exceeds,14,527,exceeds
all-MiniLM-L6-v2__sentence_window,all-MiniLM-L6-v2,sentence_window,644,mis_ranked,1,10,859,exceeds,10,859,exceeds
all-MiniLM-L6-v2__sentence_window,all-MiniLM-L6-v2,sentence_window,649,full_success,1,20,382,exceeds,20,382,within
all-MiniLM-L6-v2__sentence_window,all-MiniLM-L6-v2,sentence_window,659,total_miss,1,20,285,exceeds,20,285,within
all-MiniLM-L6-v2__sentence_window,all-MiniLM-L6-v2,sentence_window,660,total_miss,1,17,285,exceeds,17,285,within
all-MiniLM-L6-v2__sentence_window,all-MiniLM-L6-v2,sentence_window,674,full_success,1,17,550,exceeds,17,550,exceeds
all-MiniLM-L6-v2__sentence_window,all-MiniLM-L6-v2,sentence_window,684,mis_ranked,1,22,406,exceeds,22,406,within
all-MiniLM-L6-v2__sentence_window,all-MiniLM-L6-v2,sentence_window,690,total_miss,1,43,311,exceeds,43,311,within
all-MiniLM-L6-v2__sentence_window,all-MiniLM-L6-v2,sentence_window,691,total_miss,1,27,248,within,27,248,within
all-MiniLM-L6-v2__sentence_window,all-MiniLM-L6-v2,sentence_window,692,full_success,1,18,499,exceeds,18,499,within
all-MiniLM-L6-v2__sentence_window,all-MiniLM-L6-v2,sentence_window,693,full_success,1,18,499,exceeds,18,499,within
all-MiniLM-L6-v2__sentence_window,all-MiniLM-L6-v2,sentence_window,70,mis_ranked,2,14,423,exceeds,14,423,within
all-MiniLM-L6-v2__sentence_window,all-MiniLM-L6-v2,sentence_window,700,mis_ranked,1,20,335,exceeds,20,335,within
all-MiniLM-L6-v2__sentence_window,all-MiniLM-L6-v2,sentence_window,702,mis_ranked,1,21,335,exceeds,21,335,within
all-MiniLM-L6-v2__sentence_window,all-MiniLM-L6-v2,sentence_window,715,mis_ranked,1,25,234,within,25,234,within
all-MiniLM-L6-v2__sentence_window,all-MiniLM-L6-v2,sentence_window,716,total_miss,1,18,234,within,18,234,within
all-MiniLM-L6-v2__sentence_window,all-MiniLM-L6-v2,sentence_window,718,full_success,1,22,273,exceeds,22,273,within
all-MiniLM-L6-v2__sentence_window,all-MiniLM-L6-v2,sentence_window,72,full_success,1,19,271,exceeds,19,271,within
all-MiniLM-L6-v2__sentence_window,all-MiniLM-L6-v2,sentence_window,721,full_success,1,28,250,within,28,250,within
all-MiniLM-L6-v2__sentence_window,all-MiniLM-L6-v2,sentence_window,723,full_success,1,24,251,within,24,251,within
all-MiniLM-L6-v2__sentence_window,all-MiniLM-L6-v2,sentence_window,727,mis_ranked,1,24,265,exceeds,24,265,within
all-MiniLM-L6-v2__sentence_window,all-MiniLM-L6-v2,sentence_window,728,mis_ranked,2,23,388,exceeds,23,388,within
all-MiniLM-L6-v2__sentence_window,all-MiniLM-L6-v2,sentence_window,729,full_success,1,24,283,exceeds,24,283,within
all-MiniLM-L6-v2__sentence_window,all-MiniLM-L6-v2,sentence_window,742,full_success,1,17,400,exceeds,17,400,within
all-MiniLM-L6-v2__sentence_window,all-MiniLM-L6-v2,sentence_window,743,full_success,1,14,400,exceeds,14,400,within
all-MiniLM-L6-v2__sentence_window,all-MiniLM-L6-v2,sentence_window,744,mis_ranked,1,26,240,within,26,240,within
all-MiniLM-L6-v2__sentence_window,all-MiniLM-L6-v2,sentence_window,75,mis_ranked,1,28,420,exceeds,28,420,within
all-MiniLM-L6-v2__sentence_window,all-MiniLM-L6-v2,sentence_window,756,mis_ranked,1,24,286,exceeds,24,286,within
all-MiniLM-L6-v2__sentence_window,all-MiniLM-L6-v2,sentence_window,759,full_success,1,32,612,exceeds,32,612,exceeds
all-MiniLM-L6-v2__sentence_window,all-MiniLM-L6-v2,sentence_window,768,mis_ranked,1,37,286,exceeds,37,286,within
all-MiniLM-L6-v2__sentence_window,all-MiniLM-L6-v2,sentence_window,770,full_success,1,42,778,exceeds,42,778,exceeds
all-MiniLM-L6-v2__sentence_window,all-MiniLM-L6-v2,sentence_window,775,total_miss,1,35,288,exceeds,35,288,within
all-MiniLM-L6-v2__sentence_window,all-MiniLM-L6-v2,sentence_window,781,full_success,1,27,313,exceeds,27,313,within
all-MiniLM-L6-v2__sentence_window,all-MiniLM-L6-v2,sentence_window,783,mis_ranked,1,25,303,exceeds,25,303,within
all-MiniLM-L6-v2__sentence_window,all-MiniLM-L6-v2,sentence_window,784,mis_ranked,1,24,264,exceeds,24,264,within
all-MiniLM-L6-v2__sentence_window,all-MiniLM-L6-v2,sentence_window,785,full_success,1,32,546,exceeds,32,546,exceeds
all-MiniLM-L6-v2__sentence_window,all-MiniLM-L6-v2,sentence_window,793,full_success,1,16,142,within,16,142,within
all-MiniLM-L6-v2__sentence_window,all-MiniLM-L6-v2,sentence_window,800,mis_ranked,1,26,164,within,26,164,within
all-MiniLM-L6-v2__sentence_window,all-MiniLM-L6-v2,sentence_window,805,full_success,1,19,305,exceeds,19,305,within
all-MiniLM-L6-v2__sentence_window,all-MiniLM-L6-v2,sentence_window,808,full_success,1,14,198,within,14,198,within
all-MiniLM-L6-v2__sentence_window,all-MiniLM-L6-v2,sentence_window,811,full_success,1,24,394,exceeds,24,394,within
all-MiniLM-L6-v2__sentence_window,all-MiniLM-L6-v2,sentence_window,814,full_success,1,39,360,exceeds,39,360,within
all-MiniLM-L6-v2__sentence_window,all-MiniLM-L6-v2,sentence_window,820,total_miss,1,13,369,exceeds,13,369,within
all-MiniLM-L6-v2__sentence_window,all-MiniLM-L6-v2,sentence_window,821,total_miss,1,13,369,exceeds,13,369,within
all-MiniLM-L6-v2__sentence_window,all-MiniLM-L6-v2,sentence_window,823,full_success,1,19,719,exceeds,19,719,exceeds
all-MiniLM-L6-v2__sentence_window,all-MiniLM-L6-v2,sentence_window,830,total_miss,1,41,240,within,41,240,within
all-MiniLM-L6-v2__sentence_window,all-MiniLM-L6-v2,sentence_window,831,total_miss,1,31,240,within,31,240,within
all-MiniLM-L6-v2__sentence_window,all-MiniLM-L6-v2,sentence_window,832,full_success,1,17,284,exceeds,17,284,within
all-MiniLM-L6-v2__sentence_window,all-MiniLM-L6-v2,sentence_window,834,mis_ranked,1,22,253,within,22,253,within
all-MiniLM-L6-v2__sentence_window,all-MiniLM-L6-v2,sentence_window,837,full_success,1,17,332,exceeds,17,332,within
all-MiniLM-L6-v2__sentence_window,all-MiniLM-L6-v2,sentence_window,839,mis_ranked,1,26,307,exceeds,26,307,within
all-MiniLM-L6-v2__sentence_window,all-MiniLM-L6-v2,sentence_window,845,mis_ranked,1,25,170,within,25,170,within
all-MiniLM-L6-v2__sentence_window,all-MiniLM-L6-v2,sentence_window,847,full_success,1,24,300,exceeds,24,300,within
all-MiniLM-L6-v2__sentence_window,all-MiniLM-L6-v2,sentence_window,852,mis_ranked,1,19,365,exceeds,19,365,within
all-MiniLM-L6-v2__sentence_window,all-MiniLM-L6-v2,sentence_window,859,mis_ranked,1,14,279,exceeds,14,279,within
all-MiniLM-L6-v2__sentence_window,all-MiniLM-L6-v2,sentence_window,870,total_miss,1,7,752,exceeds,7,752,exceeds
all-MiniLM-L6-v2__sentence_window,all-MiniLM-L6-v2,sentence_window,873,mis_ranked,5,10,485,exceeds,10,485,within
all-MiniLM-L6-v2__sentence_window,all-MiniLM-L6-v2,sentence_window,879,full_success,1,21,240,within,21,240,within
all-MiniLM-L6-v2__sentence_window,all-MiniLM-L6-v2,sentence_window,880,full_success,1,20,240,within,20,240,within
all-MiniLM-L6-v2__sentence_window,all-MiniLM-L6-v2,sentence_window,882,full_success,1,26,362,exceeds,26,362,within
all-MiniLM-L6-v2__sentence_window,all-MiniLM-L6-v2,sentence_window,887,total_miss,1,17,470,exceeds,17,470,within
all-MiniLM-L6-v2__sentence_window,all-MiniLM-L6-v2,sentence_window,903,full_success,1,18,288,exceeds,18,288,within
all-MiniLM-L6-v2__sentence_window,all-MiniLM-L6-v2,sentence_window,904,full_success,1,43,320,exceeds,43,320,within
all-MiniLM-L6-v2__sentence_window,all-MiniLM-L6-v2,sentence_window,907,full_success,1,23,130,within,23,130,within
all-MiniLM-L6-v2__sentence_window,all-MiniLM-L6-v2,sentence_window,911,full_success,1,27,572,exceeds,27,572,exceeds
all-MiniLM-L6-v2__sentence_window,all-MiniLM-L6-v2,sentence_window,913,mis_ranked,1,17,261,exceeds,17,261,within
all-MiniLM-L6-v2__sentence_window,all-MiniLM-L6-v2,sentence_window,914,mis_ranked,1,17,261,exceeds,17,261,within
all-MiniLM-L6-v2__sentence_window,all-MiniLM-L6-v2,sentence_window,921,full_success,1,13,523,exceeds,13,523,exceeds
all-MiniLM-L6-v2__sentence_window,all-MiniLM-L6-v2,sentence_window,922,full_success,1,15,402,exceeds,15,402,within
all-MiniLM-L6-v2__sentence_window,all-MiniLM-L6-v2,sentence_window,936,full_success,1,20,253,within,20,253,within
all-MiniLM-L6-v2__sentence_window,all-MiniLM-L6-v2,sentence_window,94,mis_ranked,1,20,285,exceeds,20,285,within
all-MiniLM-L6-v2__sentence_window,all-MiniLM-L6-v2,sentence_window,956,full_success,1,26,200,within,26,200,within
all-MiniLM-L6-v2__sentence_window,all-MiniLM-L6-v2,sentence_window,957,mis_ranked,1,15,277,exceeds,15,277,within
all-MiniLM-L6-v2__sentence_window,all-MiniLM-L6-v2,sentence_window,960,full_success,1,10,313,exceeds,10,313,within
all-MiniLM-L6-v2__sentence_window,all-MiniLM-L6-v2,sentence_window,967,full_success,2,26,324,exceeds,26,324,within
all-MiniLM-L6-v2__sentence_window,all-MiniLM-L6-v2,sentence_window,971,mis_ranked,4,31,1149,exceeds,31,1149,exceeds
all-MiniLM-L6-v2__sentence_window,all-MiniLM-L6-v2,sentence_window,975,total_miss,1,20,318,exceeds,20,318,within
all-MiniLM-L6-v2__sentence_window,all-MiniLM-L6-v2,sentence_window,982,full_success,1,25,227,within,25,227,within
all-MiniLM-L6-v2__sentence_window,all-MiniLM-L6-v2,sentence_window,985,full_success,1,24,263,exceeds,24,263,within
all-MiniLM-L6-v2__sentence_window,all-MiniLM-L6-v2,sentence_window,99,mis_ranked,1,18,340,exceeds,18,340,within
all-MiniLM-L6-v2__sentence_window,all-MiniLM-L6-v2,sentence_window,993,mis_ranked,1,25,278,exceeds,25,278,within
all-MiniLM-L6-v2__whole_document,all-MiniLM-L6-v2,whole_document,1,mis_ranked,1,15,149,within,15,149,within
all-MiniLM-L6-v2__whole_document,all-MiniLM-L6-v2,whole_document,100,mis_ranked,1,17,385,exceeds,17,385,within
all-MiniLM-L6-v2__whole_document,all-MiniLM-L6-v2,whole_document,1012,full_success,1,21,461,exceeds,21,461,within
all-MiniLM-L6-v2__whole_document,all-MiniLM-L6-v2,whole_document,1014,full_success,1,19,210,within,19,210,within
all-MiniLM-L6-v2__whole_document,all-MiniLM-L6-v2,whole_document,1019,mis_ranked,1,17,421,exceeds,17,421,within
all-MiniLM-L6-v2__whole_document,all-MiniLM-L6-v2,whole_document,1020,mis_ranked,1,32,267,exceeds,32,267,within
all-MiniLM-L6-v2__whole_document,all-MiniLM-L6-v2,whole_document,1021,mis_ranked,1,32,267,exceeds,32,267,within
all-MiniLM-L6-v2__whole_document,all-MiniLM-L6-v2,whole_document,1024,total_miss,1,20,224,within,20,224,within
all-MiniLM-L6-v2__whole_document,all-MiniLM-L6-v2,whole_document,1029,full_success,3,33,369,exceeds,33,369,within
all-MiniLM-L6-v2__whole_document,all-MiniLM-L6-v2,whole_document,1041,mis_ranked,2,33,353,exceeds,33,353,within
all-MiniLM-L6-v2__whole_document,all-MiniLM-L6-v2,whole_document,1049,total_miss,1,18,239,within,18,239,within
all-MiniLM-L6-v2__whole_document,all-MiniLM-L6-v2,whole_document,1062,mis_ranked,1,25,389,exceeds,25,389,within
all-MiniLM-L6-v2__whole_document,all-MiniLM-L6-v2,whole_document,1086,full_success,1,30,491,exceeds,30,491,within
all-MiniLM-L6-v2__whole_document,all-MiniLM-L6-v2,whole_document,1088,full_success,1,19,204,within,19,204,within
all-MiniLM-L6-v2__whole_document,all-MiniLM-L6-v2,whole_document,1089,full_success,1,30,371,exceeds,30,371,within
all-MiniLM-L6-v2__whole_document,all-MiniLM-L6-v2,whole_document,1099,mis_ranked,1,10,166,within,10,166,within
all-MiniLM-L6-v2__whole_document,all-MiniLM-L6-v2,whole_document,1100,mis_ranked,1,10,166,within,10,166,within
all-MiniLM-L6-v2__whole_document,all-MiniLM-L6-v2,whole_document,1104,full_success,1,35,904,exceeds,35,904,exceeds
all-MiniLM-L6-v2__whole_document,all-MiniLM-L6-v2,whole_document,1107,mis_ranked,1,16,181,within,16,181,within
all-MiniLM-L6-v2__whole_document,all-MiniLM-L6-v2,whole_document,1110,total_miss,1,14,1021,exceeds,14,1021,exceeds
all-MiniLM-L6-v2__whole_document,all-MiniLM-L6-v2,whole_document,1121,full_success,1,26,403,exceeds,26,403,within
all-MiniLM-L6-v2__whole_document,all-MiniLM-L6-v2,whole_document,113,full_success,1,22,468,exceeds,22,468,within
all-MiniLM-L6-v2__whole_document,all-MiniLM-L6-v2,whole_document,1130,full_success,1,31,247,within,31,247,within
all-MiniLM-L6-v2__whole_document,all-MiniLM-L6-v2,whole_document,1132,mis_ranked,2,28,275,exceeds,28,275,within
all-MiniLM-L6-v2__whole_document,all-MiniLM-L6-v2,whole_document,1137,full_success,1,18,463,exceeds,18,463,within
all-MiniLM-L6-v2__whole_document,all-MiniLM-L6-v2,whole_document,1140,full_success,1,20,653,exceeds,20,653,exceeds
all-MiniLM-L6-v2__whole_document,all-MiniLM-L6-v2,whole_document,1144,full_success,1,23,531,exceeds,23,531,exceeds
all-MiniLM-L6-v2__whole_document,all-MiniLM-L6-v2,whole_document,1146,full_success,1,15,454,exceeds,15,454,within
all-MiniLM-L6-v2__whole_document,all-MiniLM-L6-v2,whole_document,115,full_success,1,16,318,exceeds,16,318,within
all-MiniLM-L6-v2__whole_document,all-MiniLM-L6-v2,whole_document,1150,full_success,1,25,238,within,25,238,within
all-MiniLM-L6-v2__whole_document,all-MiniLM-L6-v2,whole_document,1163,full_success,1,20,244,within,20,244,within
all-MiniLM-L6-v2__whole_document,all-MiniLM-L6-v2,whole_document,1175,total_miss,1,16,216,within,16,216,within
all-MiniLM-L6-v2__whole_document,all-MiniLM-L6-v2,whole_document,1179,total_miss,1,20,216,within,20,216,within
all-MiniLM-L6-v2__whole_document,all-MiniLM-L6-v2,whole_document,118,mis_ranked,1,23,257,exceeds,23,257,within
all-MiniLM-L6-v2__whole_document,all-MiniLM-L6-v2,whole_document,1180,total_miss,1,16,216,within,16,216,within
all-MiniLM-L6-v2__whole_document,all-MiniLM-L6-v2,whole_document,1185,mis_ranked,1,36,485,exceeds,36,485,within
all-MiniLM-L6-v2__whole_document,all-MiniLM-L6-v2,whole_document,1187,mis_ranked,1,36,349,exceeds,36,349,within
all-MiniLM-L6-v2__whole_document,all-MiniLM-L6-v2,whole_document,1191,mis_ranked,1,14,159,within,14,159,within
all-MiniLM-L6-v2__whole_document,all-MiniLM-L6-v2,whole_document,1194,full_success,1,32,264,exceeds,32,264,within
all-MiniLM-L6-v2__whole_document,all-MiniLM-L6-v2,whole_document,1196,mis_ranked,1,16,244,within,16,244,within
all-MiniLM-L6-v2__whole_document,all-MiniLM-L6-v2,whole_document,1197,mis_ranked,1,17,244,within,17,244,within
all-MiniLM-L6-v2__whole_document,all-MiniLM-L6-v2,whole_document,1199,total_miss,1,26,637,exceeds,26,637,exceeds
all-MiniLM-L6-v2__whole_document,all-MiniLM-L6-v2,whole_document,1200,total_miss,1,42,274,exceeds,42,274,within
all-MiniLM-L6-v2__whole_document,all-MiniLM-L6-v2,whole_document,1202,mis_ranked,1,22,261,exceeds,22,261,within
all-MiniLM-L6-v2__whole_document,all-MiniLM-L6-v2,whole_document,1204,full_success,1,32,321,exceeds,32,321,within
all-MiniLM-L6-v2__whole_document,all-MiniLM-L6-v2,whole_document,1207,full_success,1,38,297,exceeds,38,297,within
all-MiniLM-L6-v2__whole_document,all-MiniLM-L6-v2,whole_document,1213,total_miss,1,21,599,exceeds,21,599,exceeds
all-MiniLM-L6-v2__whole_document,all-MiniLM-L6-v2,whole_document,1216,full_success,1,20,262,exceeds,20,262,within
all-MiniLM-L6-v2__whole_document,all-MiniLM-L6-v2,whole_document,1221,mis_ranked,1,24,296,exceeds,24,296,within
all-MiniLM-L6-v2__whole_document,all-MiniLM-L6-v2,whole_document,1225,full_success,1,19,287,exceeds,19,287,within
all-MiniLM-L6-v2__whole_document,all-MiniLM-L6-v2,whole_document,1226,total_miss,1,23,315,exceeds,23,315,within
all-MiniLM-L6-v2__whole_document,all-MiniLM-L6-v2,whole_document,1232,full_success,1,25,255,within,25,255,within
all-MiniLM-L6-v2__whole_document,all-MiniLM-L6-v2,whole_document,124,full_success,1,21,524,exceeds,21,524,exceeds
all-MiniLM-L6-v2__whole_document,all-MiniLM-L6-v2,whole_document,1241,full_success,1,20,416,exceeds,20,416,within
all-MiniLM-L6-v2__whole_document,all-MiniLM-L6-v2,whole_document,1245,mis_ranked,1,15,324,exceeds,15,324,within
all-MiniLM-L6-v2__whole_document,all-MiniLM-L6-v2,whole_document,1259,mis_ranked,1,35,708,exceeds,35,708,exceeds
all-MiniLM-L6-v2__whole_document,all-MiniLM-L6-v2,whole_document,1262,full_success,1,20,217,within,20,217,within
all-MiniLM-L6-v2__whole_document,all-MiniLM-L6-v2,whole_document,1266,mis_ranked,1,35,511,exceeds,35,511,within
all-MiniLM-L6-v2__whole_document,all-MiniLM-L6-v2,whole_document,127,full_success,1,20,292,exceeds,20,292,within
all-MiniLM-L6-v2__whole_document,all-MiniLM-L6-v2,whole_document,1270,full_success,1,18,576,exceeds,18,576,exceeds
all-MiniLM-L6-v2__whole_document,all-MiniLM-L6-v2,whole_document,1271,full_success,1,31,523,exceeds,31,523,exceeds
all-MiniLM-L6-v2__whole_document,all-MiniLM-L6-v2,whole_document,1272,total_miss,1,23,177,within,23,177,within
all-MiniLM-L6-v2__whole_document,all-MiniLM-L6-v2,whole_document,1273,full_success,1,21,282,exceeds,21,282,within
all-MiniLM-L6-v2__whole_document,all-MiniLM-L6-v2,whole_document,1274,full_success,3,44,335,exceeds,44,335,within
all-MiniLM-L6-v2__whole_document,all-MiniLM-L6-v2,whole_document,1278,full_success,1,23,234,within,23,234,within
all-MiniLM-L6-v2__whole_document,all-MiniLM-L6-v2,whole_document,1279,full_success,1,23,234,within,23,234,within
all-MiniLM-L6-v2__whole_document,all-MiniLM-L6-v2,whole_document,128,total_miss,1,16,366,exceeds,16,366,within
all-MiniLM-L6-v2__whole_document,all-MiniLM-L6-v2,whole_document,1280,mis_ranked,1,34,420,exceeds,34,420,within
all-MiniLM-L6-v2__whole_document,all-MiniLM-L6-v2,whole_document,1281,mis_ranked,1,19,420,exceeds,19,420,within
all-MiniLM-L6-v2__whole_document,all-MiniLM-L6-v2,whole_document,1282,full_success,1,28,399,exceeds,28,399,within
all-MiniLM-L6-v2__whole_document,all-MiniLM-L6-v2,whole_document,129,full_success,1,18,1363,exceeds,18,1363,exceeds
all-MiniLM-L6-v2__whole_document,all-MiniLM-L6-v2,whole_document,1290,full_success,1,15,627,exceeds,15,627,exceeds
all-MiniLM-L6-v2__whole_document,all-MiniLM-L6-v2,whole_document,1292,full_success,1,17,215,within,17,215,within
all-MiniLM-L6-v2__whole_document,all-MiniLM-L6-v2,whole_document,1298,full_success,1,35,516,exceeds,35,516,exceeds
all-MiniLM-L6-v2__whole_document,all-MiniLM-L6-v2,whole_document,13,mis_ranked,1,16,563,exceeds,16,563,exceeds
all-MiniLM-L6-v2__whole_document,all-MiniLM-L6-v2,whole_document,130,full_success,1,18,1363,exceeds,18,1363,exceeds
all-MiniLM-L6-v2__whole_document,all-MiniLM-L6-v2,whole_document,1303,full_success,1,15,297,exceeds,15,297,within
all-MiniLM-L6-v2__whole_document,all-MiniLM-L6-v2,whole_document,1316,total_miss,1,18,266,exceeds,18,266,within
all-MiniLM-L6-v2__whole_document,all-MiniLM-L6-v2,whole_document,1319,full_success,1,16,266,exceeds,16,266,within
all-MiniLM-L6-v2__whole_document,all-MiniLM-L6-v2,whole_document,132,total_miss,1,14,262,exceeds,14,262,within
all-MiniLM-L6-v2__whole_document,all-MiniLM-L6-v2,whole_document,1320,full_success,1,25,266,exceeds,25,266,within
all-MiniLM-L6-v2__whole_document,all-MiniLM-L6-v2,whole_document,133,partial_recall,5,49,480,exceeds,49,480,within
all-MiniLM-L6-v2__whole_document,all-MiniLM-L6-v2,whole_document,1332,total_miss,1,42,318,exceeds,42,318,within
all-MiniLM-L6-v2__whole_document,all-MiniLM-L6-v2,whole_document,1335,full_success,1,15,266,exceeds,15,266,within
all-MiniLM-L6-v2__whole_document,all-MiniLM-L6-v2,whole_document,1336,full_success,1,14,266,exceeds,14,266,within
all-MiniLM-L6-v2__whole_document,all-MiniLM-L6-v2,whole_document,1337,mis_ranked,1,32,279,exceeds,32,279,within
all-MiniLM-L6-v2__whole_document,all-MiniLM-L6-v2,whole_document,1339,full_success,1,16,490,exceeds,16,490,within
all-MiniLM-L6-v2__whole_document,all-MiniLM-L6-v2,whole_document,1344,mis_ranked,1,37,159,within,37,159,within
all-MiniLM-L6-v2__whole_document,all-MiniLM-L6-v2,whole_document,1352,full_success,1,22,291,exceeds,22,291,within
all-MiniLM-L6-v2__whole_document,all-MiniLM-L6-v2,whole_document,1359,full_success,1,36,716,exceeds,36,716,exceeds
all-MiniLM-L6-v2__whole_document,all-MiniLM-L6-v2,whole_document,1362,total_miss,1,16,366,exceeds,16,366,within
all-MiniLM-L6-v2__whole_document,all-MiniLM-L6-v2,whole_document,1363,total_miss,1,18,366,exceeds,18,366,within
all-MiniLM-L6-v2__whole_document,all-MiniLM-L6-v2,whole_document,1368,mis_ranked,1,11,432,exceeds,11,432,within
all-MiniLM-L6-v2__whole_document,all-MiniLM-L6-v2,whole_document,137,full_success,1,20,283,exceeds,20,283,within
all-MiniLM-L6-v2__whole_document,all-MiniLM-L6-v2,whole_document,1370,mis_ranked,1,11,432,exceeds,11,432,within
all-MiniLM-L6-v2__whole_document,all-MiniLM-L6-v2,whole_document,1379,full_success,4,19,584,exceeds,19,584,exceeds
all-MiniLM-L6-v2__whole_document,all-MiniLM-L6-v2,whole_document,1382,full_success,1,17,237,within,17,237,within
all-MiniLM-L6-v2__whole_document,all-MiniLM-L6-v2,whole_document,1385,mis_ranked,1,11,188,within,11,188,within
all-MiniLM-L6-v2__whole_document,all-MiniLM-L6-v2,whole_document,1389,full_success,1,18,224,within,18,224,within
all-MiniLM-L6-v2__whole_document,all-MiniLM-L6-v2,whole_document,1395,mis_ranked,1,36,266,exceeds,36,266,within
all-MiniLM-L6-v2__whole_document,all-MiniLM-L6-v2,whole_document,141,full_success,2,19,504,exceeds,19,504,within
all-MiniLM-L6-v2__whole_document,all-MiniLM-L6-v2,whole_document,142,full_success,1,39,738,exceeds,39,738,exceeds
all-MiniLM-L6-v2__whole_document,all-MiniLM-L6-v2,whole_document,143,full_success,1,36,738,exceeds,36,738,exceeds
all-MiniLM-L6-v2__whole_document,all-MiniLM-L6-v2,whole_document,146,full_success,1,34,738,exceeds,34,738,exceeds
all-MiniLM-L6-v2__whole_document,all-MiniLM-L6-v2,whole_document,148,mis_ranked,1,10,270,exceeds,10,270,within
all-MiniLM-L6-v2__whole_document,all-MiniLM-L6-v2,whole_document,163,full_success,1,14,460,exceeds,14,460,within
all-MiniLM-L6-v2__whole_document,all-MiniLM-L6-v2,whole_document,171,full_success,1,26,323,exceeds,26,323,within
all-MiniLM-L6-v2__whole_document,all-MiniLM-L6-v2,whole_document,179,full_success,4,12,584,exceeds,12,584,exceeds
all-MiniLM-L6-v2__whole_document,all-MiniLM-L6-v2,whole_document,180,full_success,1,36,323,exceeds,36,323,within
all-MiniLM-L6-v2__whole_document,all-MiniLM-L6-v2,whole_document,183,full_success,1,13,265,exceeds,13,265,within
all-MiniLM-L6-v2__whole_document,all-MiniLM-L6-v2,whole_document,185,full_success,1,12,516,exceeds,12,516,exceeds
all-MiniLM-L6-v2__whole_document,all-MiniLM-L6-v2,whole_document,198,total_miss,1,11,275,exceeds,11,275,within
all-MiniLM-L6-v2__whole_document,all-MiniLM-L6-v2,whole_document,208,mis_ranked,1,12,361,exceeds,12,361,within
all-MiniLM-L6-v2__whole_document,all-MiniLM-L6-v2,whole_document,212,mis_ranked,1,11,289,exceeds,11,289,within
all-MiniLM-L6-v2__whole_document,all-MiniLM-L6-v2,whole_document,213,mis_ranked,1,26,601,exceeds,26,601,exceeds
all-MiniLM-L6-v2__whole_document,all-MiniLM-L6-v2,whole_document,216,full_success,1,18,356,exceeds,18,356,within
all-MiniLM-L6-v2__whole_document,all-MiniLM-L6-v2,whole_document,217,full_success,1,16,356,exceeds,16,356,within
all-MiniLM-L6-v2__whole_document,all-MiniLM-L6-v2,whole_document,218,full_success,1,17,356,exceeds,17,356,within
all-MiniLM-L6-v2__whole_document,all-MiniLM-L6-v2,whole_document,219,full_success,1,18,356,exceeds,18,356,within
all-MiniLM-L6-v2__whole_document,all-MiniLM-L6-v2,whole_document,230,full_success,1,22,482,exceeds,22,482,within
all-MiniLM-L6-v2__whole_document,all-MiniLM-L6-v2,whole_document,232,full_success,1,19,80,within,19,80,within
all-MiniLM-L6-v2__whole_document,all-MiniLM-L6-v2,whole_document,233,full_success,1,18,283,exceeds,18,283,within
all-MiniLM-L6-v2__whole_document,all-MiniLM-L6-v2,whole_document,236,full_success,1,17,283,exceeds,17,283,within
all-MiniLM-L6-v2__whole_document,all-MiniLM-L6-v2,whole_document,237,full_success,1,22,406,exceeds,22,406,within
all-MiniLM-L6-v2__whole_document,all-MiniLM-L6-v2,whole_document,238,mis_ranked,1,14,96,within,14,96,within
all-MiniLM-L6-v2__whole_document,all-MiniLM-L6-v2,whole_document,239,total_miss,1,11,341,exceeds,11,341,within
all-MiniLM-L6-v2__whole_document,all-MiniLM-L6-v2,whole_document,248,mis_ranked,1,16,218,within,16,218,within
all-MiniLM-L6-v2__whole_document,all-MiniLM-L6-v2,whole_document,249,mis_ranked,1,16,218,within,16,218,within
all-MiniLM-L6-v2__whole_document,all-MiniLM-L6-v2,whole_document,261,mis_ranked,2,23,543,exceeds,23,543,exceeds
all-MiniLM-L6-v2__whole_document,all-MiniLM-L6-v2,whole_document,268,full_success,1,8,312,exceeds,8,312,within
all-MiniLM-L6-v2__whole_document,all-MiniLM-L6-v2,whole_document,269,full_success,1,8,312,exceeds,8,312,within
all-MiniLM-L6-v2__whole_document,all-MiniLM-L6-v2,whole_document,274,full_success,1,41,716,exceeds,41,716,exceeds
all-MiniLM-L6-v2__whole_document,all-MiniLM-L6-v2,whole_document,275,mis_ranked,3,30,510,exceeds,30,510,within
all-MiniLM-L6-v2__whole_document,all-MiniLM-L6-v2,whole_document,279,full_success,1,25,410,exceeds,25,410,within
all-MiniLM-L6-v2__whole_document,all-MiniLM-L6-v2,whole_document,294,mis_ranked,1,22,387,exceeds,22,387,within
all-MiniLM-L6-v2__whole_document,all-MiniLM-L6-v2,whole_document,295,mis_ranked,1,36,320,exceeds,36,320,within
all-MiniLM-L6-v2__whole_document,all-MiniLM-L6-v2,whole_document,298,full_success,1,25,198,within,25,198,within
all-MiniLM-L6-v2__whole_document,all-MiniLM-L6-v2,whole_document,3,mis_ranked,1,28,354,exceeds,28,354,within
all-MiniLM-L6-v2__whole_document,all-MiniLM-L6-v2,whole_document,300,mis_ranked,1,43,352,exceeds,43,352,within
all-MiniLM-L6-v2__whole_document,all-MiniLM-L6-v2,whole_document,303,total_miss,1,25,283,exceeds,25,283,within
all-MiniLM-L6-v2__whole_document,all-MiniLM-L6-v2,whole_document,312,total_miss,1,21,476,exceeds,21,476,within
all-MiniLM-L6-v2__whole_document,all-MiniLM-L6-v2,whole_document,314,total_miss,1,34,325,exceeds,34,325,within
all-MiniLM-L6-v2__whole_document,all-MiniLM-L6-v2,whole_document,324,mis_ranked,1,14,282,exceeds,14,282,within
all-MiniLM-L6-v2__whole_document,all-MiniLM-L6-v2,whole_document,327,full_success,1,21,247,within,21,247,within
all-MiniLM-L6-v2__whole_document,all-MiniLM-L6-v2,whole_document,338,mis_ranked,1,15,649,exceeds,15,649,exceeds
all-MiniLM-L6-v2__whole_document,all-MiniLM-L6-v2,whole_document,343,full_success,2,25,481,exceeds,25,481,within
all-MiniLM-L6-v2__whole_document,all-MiniLM-L6-v2,whole_document,350,full_success,1,23,203,within,23,203,within
all-MiniLM-L6-v2__whole_document,all-MiniLM-L6-v2,whole_document,354,full_success,1,26,271,exceeds,26,271,within
all-MiniLM-L6-v2__whole_document,all-MiniLM-L6-v2,whole_document,36,mis_ranked,2,17,451,exceeds,17,451,within
all-MiniLM-L6-v2__whole_document,all-MiniLM-L6-v2,whole_document,362,full_success,1,36,304,exceeds,36,304,within
all-MiniLM-L6-v2__whole_document,all-MiniLM-L6-v2,whole_document,380,full_success,1,18,216,within,18,216,within
all-MiniLM-L6-v2__whole_document,all-MiniLM-L6-v2,whole_document,384,total_miss,1,23,1021,exceeds,23,1021,exceeds
all-MiniLM-L6-v2__whole_document,all-MiniLM-L6-v2,whole_document,385,mis_ranked,2,25,406,exceeds,25,406,within
all-MiniLM-L6-v2__whole_document,all-MiniLM-L6-v2,whole_document,386,full_success,1,22,244,within,22,244,within
all-MiniLM-L6-v2__whole_document,all-MiniLM-L6-v2,whole_document,388,mis_ranked,1,13,252,within,13,252,within
all-MiniLM-L6-v2__whole_document,all-MiniLM-L6-v2,whole_document,399,full_success,1,15,463,exceeds,15,463,within
all-MiniLM-L6-v2__whole_document,all-MiniLM-L6-v2,whole_document,410,full_success,1,16,170,within,16,170,within
all-MiniLM-L6-v2__whole_document,all-MiniLM-L6-v2,whole_document,411,full_success,1,16,170,within,16,170,within
all-MiniLM-L6-v2__whole_document,all-MiniLM-L6-v2,whole_document,415,mis_ranked,1,26,579,exceeds,26,579,exceeds
all-MiniLM-L6-v2__whole_document,all-MiniLM-L6-v2,whole_document,42,mis_ranked,1,33,702,exceeds,33,702,exceeds
all-MiniLM-L6-v2__whole_document,all-MiniLM-L6-v2,whole_document,421,total_miss,1,22,213,within,22,213,within
all-MiniLM-L6-v2__whole_document,all-MiniLM-L6-v2,whole_document,431,mis_ranked,1,23,238,within,23,238,within
all-MiniLM-L6-v2__whole_document,all-MiniLM-L6-v2,whole_document,436,full_success,1,22,294,exceeds,22,294,within
all-MiniLM-L6-v2__whole_document,all-MiniLM-L6-v2,whole_document,437,total_miss,1,32,272,exceeds,32,272,within
all-MiniLM-L6-v2__whole_document,all-MiniLM-L6-v2,whole_document,439,full_success,1,29,314,exceeds,29,314,within
all-MiniLM-L6-v2__whole_document,all-MiniLM-L6-v2,whole_document,440,full_success,1,28,314,exceeds,28,314,within
all-MiniLM-L6-v2__whole_document,all-MiniLM-L6-v2,whole_document,443,full_success,1,22,298,exceeds,22,298,within
all-MiniLM-L6-v2__whole_document,all-MiniLM-L6-v2,whole_document,452,mis_ranked,2,16,213,within,16,213,within
all-MiniLM-L6-v2__whole_document,all-MiniLM-L6-v2,whole_document,475,mis_ranked,1,20,250,within,20,250,within
all-MiniLM-L6-v2__whole_document,all-MiniLM-L6-v2,whole_document,478,full_success,1,41,196,within,41,196,within
all-MiniLM-L6-v2__whole_document,all-MiniLM-L6-v2,whole_document,48,total_miss,1,25,425,exceeds,25,425,within
all-MiniLM-L6-v2__whole_document,all-MiniLM-L6-v2,whole_document,49,full_success,1,18,253,within,18,253,within
all-MiniLM-L6-v2__whole_document,all-MiniLM-L6-v2,whole_document,491,full_success,1,20,215,within,20,215,within
all-MiniLM-L6-v2__whole_document,all-MiniLM-L6-v2,whole_document,5,mis_ranked,1,15,425,exceeds,15,425,within
all-MiniLM-L6-v2__whole_document,all-MiniLM-L6-v2,whole_document,50,full_success,1,11,271,exceeds,11,271,within
all-MiniLM-L6-v2__whole_document,all-MiniLM-L6-v2,whole_document,501,full_success,1,11,452,exceeds,11,452,within
all-MiniLM-L6-v2__whole_document,all-MiniLM-L6-v2,whole_document,502,total_miss,1,22,791,exceeds,22,791,exceeds
all-MiniLM-L6-v2__whole_document,all-MiniLM-L6-v2,whole_document,507,mis_ranked,1,28,255,within,28,255,within
all-MiniLM-L6-v2__whole_document,all-MiniLM-L6-v2,whole_document,508,mis_ranked,1,19,238,within,19,238,within
all-MiniLM-L6-v2__whole_document,all-MiniLM-L6-v2,whole_document,51,full_success,1,14,238,within,14,238,within
all-MiniLM-L6-v2__whole_document,all-MiniLM-L6-v2,whole_document,513,mis_ranked,1,15,531,exceeds,15,531,exceeds
all-MiniLM-L6-v2__whole_document,all-MiniLM-L6-v2,whole_document,514,full_success,1,34,460,exceeds,34,460,within
all-MiniLM-L6-v2__whole_document,all-MiniLM-L6-v2,whole_document,516,full_success,1,28,849,exceeds,28,849,exceeds
all-MiniLM-L6-v2__whole_document,all-MiniLM-L6-v2,whole_document,517,total_miss,1,13,595,exceeds,13,595,exceeds
all-MiniLM-L6-v2__whole_document,all-MiniLM-L6-v2,whole_document,521,full_success,1,43,714,exceeds,43,714,exceeds
all-MiniLM-L6-v2__whole_document,all-MiniLM-L6-v2,whole_document,525,full_success,1,31,234,within,31,234,within
all-MiniLM-L6-v2__whole_document,all-MiniLM-L6-v2,whole_document,527,mis_ranked,1,41,282,exceeds,41,282,within
all-MiniLM-L6-v2__whole_document,all-MiniLM-L6-v2,whole_document,528,full_success,1,64,387,exceeds,64,387,within
all-MiniLM-L6-v2__whole_document,all-MiniLM-L6-v2,whole_document,53,full_success,1,17,238,within,17,238,within
all-MiniLM-L6-v2__whole_document,all-MiniLM-L6-v2,whole_document,532,full_success,1,23,537,exceeds,23,537,exceeds
all-MiniLM-L6-v2__whole_document,all-MiniLM-L6-v2,whole_document,533,full_success,1,23,537,exceeds,23,537,exceeds
all-MiniLM-L6-v2__whole_document,all-MiniLM-L6-v2,whole_document,535,mis_ranked,1,13,560,exceeds,13,560,exceeds
all-MiniLM-L6-v2__whole_document,all-MiniLM-L6-v2,whole_document,536,full_success,1,18,330,exceeds,18,330,within
all-MiniLM-L6-v2__whole_document,all-MiniLM-L6-v2,whole_document,539,full_success,1,14,685,exceeds,14,685,exceeds
all-MiniLM-L6-v2__whole_document,all-MiniLM-L6-v2,whole_document,54,full_success,1,23,314,exceeds,23,314,within
all-MiniLM-L6-v2__whole_document,all-MiniLM-L6-v2,whole_document,540,mis_ranked,2,22,350,exceeds,22,350,within
all-MiniLM-L6-v2__whole_document,all-MiniLM-L6-v2,whole_document,544,mis_ranked,1,20,366,exceeds,20,366,within
all-MiniLM-L6-v2__whole_document,all-MiniLM-L6-v2,whole_document,549,full_success,1,17,267,exceeds,17,267,within
all-MiniLM-L6-v2__whole_document,all-MiniLM-L6-v2,whole_document,551,mis_ranked,1,44,230,within,44,230,within
all-MiniLM-L6-v2__whole_document,all-MiniLM-L6-v2,whole_document,552,full_success,1,36,360,exceeds,36,360,within
all-MiniLM-L6-v2__whole_document,all-MiniLM-L6-v2,whole_document,554,mis_ranked,1,22,303,exceeds,22,303,within
all-MiniLM-L6-v2__whole_document,all-MiniLM-L6-v2,whole_document,56,full_success,1,32,306,exceeds,32,306,within
all-MiniLM-L6-v2__whole_document,all-MiniLM-L6-v2,whole_document,560,total_miss,1,21,337,exceeds,21,337,within
all-MiniLM-L6-v2__whole_document,all-MiniLM-L6-v2,whole_document,569,mis_ranked,1,14,317,exceeds,14,317,within
all-MiniLM-L6-v2__whole_document,all-MiniLM-L6-v2,whole_document,57,full_success,1,33,306,exceeds,33,306,within
all-MiniLM-L6-v2__whole_document,all-MiniLM-L6-v2,whole_document,575,mis_ranked,1,28,229,within,28,229,within
all-MiniLM-L6-v2__whole_document,all-MiniLM-L6-v2,whole_document,577,mis_ranked,1,37,174,within,37,174,within
all-MiniLM-L6-v2__whole_document,all-MiniLM-L6-v2,whole_document,578,full_success,1,28,389,exceeds,28,389,within
all-MiniLM-L6-v2__whole_document,all-MiniLM-L6-v2,whole_document,587,total_miss,1,41,256,within,41,256,within
all-MiniLM-L6-v2__whole_document,all-MiniLM-L6-v2,whole_document,589,full_success,1,28,652,exceeds,28,652,exceeds
all-MiniLM-L6-v2__whole_document,all-MiniLM-L6-v2,whole_document,593,full_success,1,15,405,exceeds,15,405,within
all-MiniLM-L6-v2__whole_document,all-MiniLM-L6-v2,whole_document,597,full_success,3,10,326,exceeds,10,326,within
all-MiniLM-L6-v2__whole_document,all-MiniLM-L6-v2,whole_document,598,mis_ranked,1,26,326,exceeds,26,326,within
all-MiniLM-L6-v2__whole_document,all-MiniLM-L6-v2,whole_document,613,full_success,1,27,306,exceeds,27,306,within
all-MiniLM-L6-v2__whole_document,all-MiniLM-L6-v2,whole_document,619,mis_ranked,2,20,366,exceeds,20,366,within
all-MiniLM-L6-v2__whole_document,all-MiniLM-L6-v2,whole_document,623,mis_ranked,1,18,280,exceeds,18,280,within
all-MiniLM-L6-v2__whole_document,all-MiniLM-L6-v2,whole_document,628,mis_ranked,1,26,282,exceeds,26,282,within
all-MiniLM-L6-v2__whole_document,all-MiniLM-L6-v2,whole_document,636,full_success,1,40,353,exceeds,40,353,within
all-MiniLM-L6-v2__whole_document,all-MiniLM-L6-v2,whole_document,637,mis_ranked,1,17,244,within,17,244,within
all-MiniLM-L6-v2__whole_document,all-MiniLM-L6-v2,whole_document,641,full_success,2,14,527,exceeds,14,527,exceeds
all-MiniLM-L6-v2__whole_document,all-MiniLM-L6-v2,whole_document,644,total_miss,1,10,859,exceeds,10,859,exceeds
all-MiniLM-L6-v2__whole_document,all-MiniLM-L6-v2,whole_document,649,full_success,1,20,382,exceeds,20,382,within
all-MiniLM-L6-v2__whole_document,all-MiniLM-L6-v2,whole_document,659,mis_ranked,1,20,285,exceeds,20,285,within
all-MiniLM-L6-v2__whole_document,all-MiniLM-L6-v2,whole_document,660,total_miss,1,17,285,exceeds,17,285,within
all-MiniLM-L6-v2__whole_document,all-MiniLM-L6-v2,whole_document,674,mis_ranked,1,17,550,exceeds,17,550,exceeds
all-MiniLM-L6-v2__whole_document,all-MiniLM-L6-v2,whole_document,684,full_success,1,22,406,exceeds,22,406,within
all-MiniLM-L6-v2__whole_document,all-MiniLM-L6-v2,whole_document,690,total_miss,1,43,311,exceeds,43,311,within
all-MiniLM-L6-v2__whole_document,all-MiniLM-L6-v2,whole_document,691,mis_ranked,1,27,248,within,27,248,within
all-MiniLM-L6-v2__whole_document,all-MiniLM-L6-v2,whole_document,692,full_success,1,18,499,exceeds,18,499,within
all-MiniLM-L6-v2__whole_document,all-MiniLM-L6-v2,whole_document,693,full_success,1,18,499,exceeds,18,499,within
all-MiniLM-L6-v2__whole_document,all-MiniLM-L6-v2,whole_document,70,mis_ranked,2,14,423,exceeds,14,423,within
all-MiniLM-L6-v2__whole_document,all-MiniLM-L6-v2,whole_document,700,mis_ranked,1,20,335,exceeds,20,335,within
all-MiniLM-L6-v2__whole_document,all-MiniLM-L6-v2,whole_document,702,mis_ranked,1,21,335,exceeds,21,335,within
all-MiniLM-L6-v2__whole_document,all-MiniLM-L6-v2,whole_document,715,total_miss,1,25,234,within,25,234,within
all-MiniLM-L6-v2__whole_document,all-MiniLM-L6-v2,whole_document,716,total_miss,1,18,234,within,18,234,within
all-MiniLM-L6-v2__whole_document,all-MiniLM-L6-v2,whole_document,718,full_success,1,22,273,exceeds,22,273,within
all-MiniLM-L6-v2__whole_document,all-MiniLM-L6-v2,whole_document,72,full_success,1,19,271,exceeds,19,271,within
all-MiniLM-L6-v2__whole_document,all-MiniLM-L6-v2,whole_document,721,full_success,1,28,250,within,28,250,within
all-MiniLM-L6-v2__whole_document,all-MiniLM-L6-v2,whole_document,723,full_success,1,24,251,within,24,251,within
all-MiniLM-L6-v2__whole_document,all-MiniLM-L6-v2,whole_document,727,mis_ranked,1,24,265,exceeds,24,265,within
all-MiniLM-L6-v2__whole_document,all-MiniLM-L6-v2,whole_document,728,mis_ranked,2,23,388,exceeds,23,388,within
all-MiniLM-L6-v2__whole_document,all-MiniLM-L6-v2,whole_document,729,full_success,1,24,283,exceeds,24,283,within
all-MiniLM-L6-v2__whole_document,all-MiniLM-L6-v2,whole_document,742,mis_ranked,1,17,400,exceeds,17,400,within
all-MiniLM-L6-v2__whole_document,all-MiniLM-L6-v2,whole_document,743,total_miss,1,14,400,exceeds,14,400,within
all-MiniLM-L6-v2__whole_document,all-MiniLM-L6-v2,whole_document,744,mis_ranked,1,26,240,within,26,240,within
all-MiniLM-L6-v2__whole_document,all-MiniLM-L6-v2,whole_document,75,mis_ranked,1,28,420,exceeds,28,420,within
all-MiniLM-L6-v2__whole_document,all-MiniLM-L6-v2,whole_document,756,mis_ranked,1,24,286,exceeds,24,286,within
all-MiniLM-L6-v2__whole_document,all-MiniLM-L6-v2,whole_document,759,full_success,1,32,612,exceeds,32,612,exceeds
all-MiniLM-L6-v2__whole_document,all-MiniLM-L6-v2,whole_document,768,total_miss,1,37,286,exceeds,37,286,within
all-MiniLM-L6-v2__whole_document,all-MiniLM-L6-v2,whole_document,770,full_success,1,42,778,exceeds,42,778,exceeds
all-MiniLM-L6-v2__whole_document,all-MiniLM-L6-v2,whole_document,775,mis_ranked,1,35,288,exceeds,35,288,within
all-MiniLM-L6-v2__whole_document,all-MiniLM-L6-v2,whole_document,781,mis_ranked,1,27,313,exceeds,27,313,within
all-MiniLM-L6-v2__whole_document,all-MiniLM-L6-v2,whole_document,783,mis_ranked,1,25,303,exceeds,25,303,within
all-MiniLM-L6-v2__whole_document,all-MiniLM-L6-v2,whole_document,784,mis_ranked,1,24,264,exceeds,24,264,within
all-MiniLM-L6-v2__whole_document,all-MiniLM-L6-v2,whole_document,785,total_miss,1,32,546,exceeds,32,546,exceeds
all-MiniLM-L6-v2__whole_document,all-MiniLM-L6-v2,whole_document,793,full_success,1,16,142,within,16,142,within
all-MiniLM-L6-v2__whole_document,all-MiniLM-L6-v2,whole_document,800,mis_ranked,1,26,164,within,26,164,within
all-MiniLM-L6-v2__whole_document,all-MiniLM-L6-v2,whole_document,805,full_success,1,19,305,exceeds,19,305,within
all-MiniLM-L6-v2__whole_document,all-MiniLM-L6-v2,whole_document,808,full_success,1,14,198,within,14,198,within
all-MiniLM-L6-v2__whole_document,all-MiniLM-L6-v2,whole_document,811,full_success,1,24,394,exceeds,24,394,within
all-MiniLM-L6-v2__whole_document,all-MiniLM-L6-v2,whole_document,814,full_success,1,39,360,exceeds,39,360,within
all-MiniLM-L6-v2__whole_document,all-MiniLM-L6-v2,whole_document,820,total_miss,1,13,369,exceeds,13,369,within
all-MiniLM-L6-v2__whole_document,all-MiniLM-L6-v2,whole_document,821,total_miss,1,13,369,exceeds,13,369,within
all-MiniLM-L6-v2__whole_document,all-MiniLM-L6-v2,whole_document,823,full_success,1,19,719,exceeds,19,719,exceeds
all-MiniLM-L6-v2__whole_document,all-MiniLM-L6-v2,whole_document,830,total_miss,1,41,240,within,41,240,within
all-MiniLM-L6-v2__whole_document,all-MiniLM-L6-v2,whole_document,831,total_miss,1,31,240,within,31,240,within
all-MiniLM-L6-v2__whole_document,all-MiniLM-L6-v2,whole_document,832,full_success,1,17,284,exceeds,17,284,within
all-MiniLM-L6-v2__whole_document,all-MiniLM-L6-v2,whole_document,834,total_miss,1,22,253,within,22,253,within
all-MiniLM-L6-v2__whole_document,all-MiniLM-L6-v2,whole_document,837,mis_ranked,1,17,332,exceeds,17,332,within
all-MiniLM-L6-v2__whole_document,all-MiniLM-L6-v2,whole_document,839,mis_ranked,1,26,307,exceeds,26,307,within
all-MiniLM-L6-v2__whole_document,all-MiniLM-L6-v2,whole_document,845,mis_ranked,1,25,170,within,25,170,within
all-MiniLM-L6-v2__whole_document,all-MiniLM-L6-v2,whole_document,847,full_success,1,24,300,exceeds,24,300,within
all-MiniLM-L6-v2__whole_document,all-MiniLM-L6-v2,whole_document,852,mis_ranked,1,19,365,exceeds,19,365,within
all-MiniLM-L6-v2__whole_document,all-MiniLM-L6-v2,whole_document,859,mis_ranked,1,14,279,exceeds,14,279,within
all-MiniLM-L6-v2__whole_document,all-MiniLM-L6-v2,whole_document,870,total_miss,1,7,752,exceeds,7,752,exceeds
all-MiniLM-L6-v2__whole_document,all-MiniLM-L6-v2,whole_document,873,mis_ranked,5,10,485,exceeds,10,485,within
all-MiniLM-L6-v2__whole_document,all-MiniLM-L6-v2,whole_document,879,full_success,1,21,240,within,21,240,within
all-MiniLM-L6-v2__whole_document,all-MiniLM-L6-v2,whole_document,880,mis_ranked,1,20,240,within,20,240,within
all-MiniLM-L6-v2__whole_document,all-MiniLM-L6-v2,whole_document,882,full_success,1,26,362,exceeds,26,362,within
all-MiniLM-L6-v2__whole_document,all-MiniLM-L6-v2,whole_document,887,total_miss,1,17,470,exceeds,17,470,within
all-MiniLM-L6-v2__whole_document,all-MiniLM-L6-v2,whole_document,903,full_success,1,18,288,exceeds,18,288,within
all-MiniLM-L6-v2__whole_document,all-MiniLM-L6-v2,whole_document,904,full_success,1,43,320,exceeds,43,320,within
all-MiniLM-L6-v2__whole_document,all-MiniLM-L6-v2,whole_document,907,full_success,1,23,130,within,23,130,within
all-MiniLM-L6-v2__whole_document,all-MiniLM-L6-v2,whole_document,911,full_success,1,27,572,exceeds,27,572,exceeds
all-MiniLM-L6-v2__whole_document,all-MiniLM-L6-v2,whole_document,913,mis_ranked,1,17,261,exceeds,17,261,within
all-MiniLM-L6-v2__whole_document,all-MiniLM-L6-v2,whole_document,914,mis_ranked,1,17,261,exceeds,17,261,within
all-MiniLM-L6-v2__whole_document,all-MiniLM-L6-v2,whole_document,921,full_success,1,13,523,exceeds,13,523,exceeds
all-MiniLM-L6-v2__whole_document,all-MiniLM-L6-v2,whole_document,922,full_success,1,15,402,exceeds,15,402,within
all-MiniLM-L6-v2__whole_document,all-MiniLM-L6-v2,whole_document,936,full_success,1,20,253,within,20,253,within
all-MiniLM-L6-v2__whole_document,all-MiniLM-L6-v2,whole_document,94,mis_ranked,1,20,285,exceeds,20,285,within
all-MiniLM-L6-v2__whole_document,all-MiniLM-L6-v2,whole_document,956,full_success,1,26,200,within,26,200,within
all-MiniLM-L6-v2__whole_document,all-MiniLM-L6-v2,whole_document,957,mis_ranked,1,15,277,exceeds,15,277,within
all-MiniLM-L6-v2__whole_document,all-MiniLM-L6-v2,whole_document,960,full_success,1,10,313,exceeds,10,313,within
all-MiniLM-L6-v2__whole_document,all-MiniLM-L6-v2,whole_document,967,full_success,2,26,324,exceeds,26,324,within
all-MiniLM-L6-v2__whole_document,all-MiniLM-L6-v2,whole_document,971,mis_ranked,4,31,1149,exceeds,31,1149,exceeds
all-MiniLM-L6-v2__whole_document,all-MiniLM-L6-v2,whole_document,975,total_miss,1,20,318,exceeds,20,318,within
all-MiniLM-L6-v2__whole_document,all-MiniLM-L6-v2,whole_document,982,full_success,1,25,227,within,25,227,within
all-MiniLM-L6-v2__whole_document,all-MiniLM-L6-v2,whole_document,985,full_success,1,24,263,exceeds,24,263,within
all-MiniLM-L6-v2__whole_document,all-MiniLM-L6-v2,whole_document,99,mis_ranked,1,18,340,exceeds,18,340,within
all-MiniLM-L6-v2__whole_document,all-MiniLM-L6-v2,whole_document,993,mis_ranked,1,25,278,exceeds,25,278,within
bge-small-en-v1.5__fixed_window,bge-small-en-v1.5,fixed_window,1,mis_ranked,1,15,149,within,15,149,within
bge-small-en-v1.5__fixed_window,bge-small-en-v1.5,fixed_window,100,full_success,1,17,385,exceeds,17,385,within
bge-small-en-v1.5__fixed_window,bge-small-en-v1.5,fixed_window,1012,full_success,1,21,461,exceeds,21,461,within
bge-small-en-v1.5__fixed_window,bge-small-en-v1.5,fixed_window,1014,full_success,1,19,210,within,19,210,within
bge-small-en-v1.5__fixed_window,bge-small-en-v1.5,fixed_window,1019,mis_ranked,1,17,421,exceeds,17,421,within
bge-small-en-v1.5__fixed_window,bge-small-en-v1.5,fixed_window,1020,full_success,1,32,267,exceeds,32,267,within
bge-small-en-v1.5__fixed_window,bge-small-en-v1.5,fixed_window,1021,full_success,1,32,267,exceeds,32,267,within
bge-small-en-v1.5__fixed_window,bge-small-en-v1.5,fixed_window,1024,full_success,1,20,224,within,20,224,within
bge-small-en-v1.5__fixed_window,bge-small-en-v1.5,fixed_window,1029,full_success,3,33,369,exceeds,33,369,within
bge-small-en-v1.5__fixed_window,bge-small-en-v1.5,fixed_window,1041,mis_ranked,2,33,353,exceeds,33,353,within
bge-small-en-v1.5__fixed_window,bge-small-en-v1.5,fixed_window,1049,mis_ranked,1,18,239,within,18,239,within
bge-small-en-v1.5__fixed_window,bge-small-en-v1.5,fixed_window,1062,full_success,1,25,389,exceeds,25,389,within
bge-small-en-v1.5__fixed_window,bge-small-en-v1.5,fixed_window,1086,full_success,1,30,491,exceeds,30,491,within
bge-small-en-v1.5__fixed_window,bge-small-en-v1.5,fixed_window,1088,full_success,1,19,204,within,19,204,within
bge-small-en-v1.5__fixed_window,bge-small-en-v1.5,fixed_window,1089,full_success,1,30,371,exceeds,30,371,within
bge-small-en-v1.5__fixed_window,bge-small-en-v1.5,fixed_window,1099,mis_ranked,1,10,166,within,10,166,within
bge-small-en-v1.5__fixed_window,bge-small-en-v1.5,fixed_window,1100,total_miss,1,10,166,within,10,166,within
bge-small-en-v1.5__fixed_window,bge-small-en-v1.5,fixed_window,1104,full_success,1,35,904,exceeds,35,904,exceeds
bge-small-en-v1.5__fixed_window,bge-small-en-v1.5,fixed_window,1107,mis_ranked,1,16,181,within,16,181,within
bge-small-en-v1.5__fixed_window,bge-small-en-v1.5,fixed_window,1110,mis_ranked,1,14,1021,exceeds,14,1021,exceeds
bge-small-en-v1.5__fixed_window,bge-small-en-v1.5,fixed_window,1121,mis_ranked,1,26,403,exceeds,26,403,within
bge-small-en-v1.5__fixed_window,bge-small-en-v1.5,fixed_window,113,full_success,1,22,468,exceeds,22,468,within
bge-small-en-v1.5__fixed_window,bge-small-en-v1.5,fixed_window,1130,full_success,1,31,247,within,31,247,within
bge-small-en-v1.5__fixed_window,bge-small-en-v1.5,fixed_window,1132,mis_ranked,2,28,275,exceeds,28,275,within
bge-small-en-v1.5__fixed_window,bge-small-en-v1.5,fixed_window,1137,full_success,1,18,463,exceeds,18,463,within
bge-small-en-v1.5__fixed_window,bge-small-en-v1.5,fixed_window,1140,full_success,1,20,653,exceeds,20,653,exceeds
bge-small-en-v1.5__fixed_window,bge-small-en-v1.5,fixed_window,1144,full_success,1,23,531,exceeds,23,531,exceeds
bge-small-en-v1.5__fixed_window,bge-small-en-v1.5,fixed_window,1146,full_success,1,15,454,exceeds,15,454,within
bge-small-en-v1.5__fixed_window,bge-small-en-v1.5,fixed_window,115,full_success,1,16,318,exceeds,16,318,within
bge-small-en-v1.5__fixed_window,bge-small-en-v1.5,fixed_window,1150,full_success,1,25,238,within,25,238,within
bge-small-en-v1.5__fixed_window,bge-small-en-v1.5,fixed_window,1163,full_success,1,20,244,within,20,244,within
bge-small-en-v1.5__fixed_window,bge-small-en-v1.5,fixed_window,1175,total_miss,1,16,216,within,16,216,within
bge-small-en-v1.5__fixed_window,bge-small-en-v1.5,fixed_window,1179,total_miss,1,20,216,within,20,216,within
bge-small-en-v1.5__fixed_window,bge-small-en-v1.5,fixed_window,118,full_success,1,23,257,exceeds,23,257,within
bge-small-en-v1.5__fixed_window,bge-small-en-v1.5,fixed_window,1180,mis_ranked,1,16,216,within,16,216,within
bge-small-en-v1.5__fixed_window,bge-small-en-v1.5,fixed_window,1185,full_success,1,36,485,exceeds,36,485,within
bge-small-en-v1.5__fixed_window,bge-small-en-v1.5,fixed_window,1187,full_success,1,36,349,exceeds,36,349,within
bge-small-en-v1.5__fixed_window,bge-small-en-v1.5,fixed_window,1191,total_miss,1,14,159,within,14,159,within
bge-small-en-v1.5__fixed_window,bge-small-en-v1.5,fixed_window,1194,full_success,1,32,264,exceeds,32,264,within
bge-small-en-v1.5__fixed_window,bge-small-en-v1.5,fixed_window,1196,mis_ranked,1,16,244,within,16,244,within
bge-small-en-v1.5__fixed_window,bge-small-en-v1.5,fixed_window,1197,mis_ranked,1,17,244,within,17,244,within
bge-small-en-v1.5__fixed_window,bge-small-en-v1.5,fixed_window,1199,total_miss,1,26,637,exceeds,26,637,exceeds
bge-small-en-v1.5__fixed_window,bge-small-en-v1.5,fixed_window,1200,mis_ranked,1,42,274,exceeds,42,274,within
bge-small-en-v1.5__fixed_window,bge-small-en-v1.5,fixed_window,1202,full_success,1,22,261,exceeds,22,261,within
bge-small-en-v1.5__fixed_window,bge-small-en-v1.5,fixed_window,1204,full_success,1,32,321,exceeds,32,321,within
bge-small-en-v1.5__fixed_window,bge-small-en-v1.5,fixed_window,1207,full_success,1,38,297,exceeds,38,297,within
bge-small-en-v1.5__fixed_window,bge-small-en-v1.5,fixed_window,1213,total_miss,1,21,599,exceeds,21,599,exceeds
bge-small-en-v1.5__fixed_window,bge-small-en-v1.5,fixed_window,1216,full_success,1,20,262,exceeds,20,262,within
bge-small-en-v1.5__fixed_window,bge-small-en-v1.5,fixed_window,1221,mis_ranked,1,24,296,exceeds,24,296,within
bge-small-en-v1.5__fixed_window,bge-small-en-v1.5,fixed_window,1225,full_success,1,19,287,exceeds,19,287,within
bge-small-en-v1.5__fixed_window,bge-small-en-v1.5,fixed_window,1226,total_miss,1,23,315,exceeds,23,315,within
bge-small-en-v1.5__fixed_window,bge-small-en-v1.5,fixed_window,1232,full_success,1,25,255,within,25,255,within
bge-small-en-v1.5__fixed_window,bge-small-en-v1.5,fixed_window,124,full_success,1,21,524,exceeds,21,524,exceeds
bge-small-en-v1.5__fixed_window,bge-small-en-v1.5,fixed_window,1241,full_success,1,20,416,exceeds,20,416,within
bge-small-en-v1.5__fixed_window,bge-small-en-v1.5,fixed_window,1245,full_success,1,15,324,exceeds,15,324,within
bge-small-en-v1.5__fixed_window,bge-small-en-v1.5,fixed_window,1259,full_success,1,35,708,exceeds,35,708,exceeds
bge-small-en-v1.5__fixed_window,bge-small-en-v1.5,fixed_window,1262,full_success,1,20,217,within,20,217,within
bge-small-en-v1.5__fixed_window,bge-small-en-v1.5,fixed_window,1266,full_success,1,35,511,exceeds,35,511,within
bge-small-en-v1.5__fixed_window,bge-small-en-v1.5,fixed_window,127,mis_ranked,1,20,292,exceeds,20,292,within
bge-small-en-v1.5__fixed_window,bge-small-en-v1.5,fixed_window,1270,full_success,1,18,576,exceeds,18,576,exceeds
bge-small-en-v1.5__fixed_window,bge-small-en-v1.5,fixed_window,1271,full_success,1,31,523,exceeds,31,523,exceeds
bge-small-en-v1.5__fixed_window,bge-small-en-v1.5,fixed_window,1272,mis_ranked,1,23,177,within,23,177,within
bge-small-en-v1.5__fixed_window,bge-small-en-v1.5,fixed_window,1273,full_success,1,21,282,exceeds,21,282,within
bge-small-en-v1.5__fixed_window,bge-small-en-v1.5,fixed_window,1274,full_success,3,44,335,exceeds,44,335,within
bge-small-en-v1.5__fixed_window,bge-small-en-v1.5,fixed_window,1278,mis_ranked,1,23,234,within,23,234,within
bge-small-en-v1.5__fixed_window,bge-small-en-v1.5,fixed_window,1279,full_success,1,23,234,within,23,234,within
bge-small-en-v1.5__fixed_window,bge-small-en-v1.5,fixed_window,128,total_miss,1,16,366,exceeds,16,366,within
bge-small-en-v1.5__fixed_window,bge-small-en-v1.5,fixed_window,1280,mis_ranked,1,34,420,exceeds,34,420,within
bge-small-en-v1.5__fixed_window,bge-small-en-v1.5,fixed_window,1281,mis_ranked,1,19,420,exceeds,19,420,within
bge-small-en-v1.5__fixed_window,bge-small-en-v1.5,fixed_window,1282,mis_ranked,1,28,399,exceeds,28,399,within
bge-small-en-v1.5__fixed_window,bge-small-en-v1.5,fixed_window,129,full_success,1,18,1363,exceeds,18,1363,exceeds
bge-small-en-v1.5__fixed_window,bge-small-en-v1.5,fixed_window,1290,full_success,1,15,627,exceeds,15,627,exceeds
bge-small-en-v1.5__fixed_window,bge-small-en-v1.5,fixed_window,1292,full_success,1,17,215,within,17,215,within
bge-small-en-v1.5__fixed_window,bge-small-en-v1.5,fixed_window,1298,full_success,1,35,516,exceeds,35,516,exceeds
bge-small-en-v1.5__fixed_window,bge-small-en-v1.5,fixed_window,13,total_miss,1,16,563,exceeds,16,563,exceeds
bge-small-en-v1.5__fixed_window,bge-small-en-v1.5,fixed_window,130,full_success,1,18,1363,exceeds,18,1363,exceeds
bge-small-en-v1.5__fixed_window,bge-small-en-v1.5,fixed_window,1303,mis_ranked,1,15,297,exceeds,15,297,within
bge-small-en-v1.5__fixed_window,bge-small-en-v1.5,fixed_window,1316,mis_ranked,1,18,266,exceeds,18,266,within
bge-small-en-v1.5__fixed_window,bge-small-en-v1.5,fixed_window,1319,full_success,1,16,266,exceeds,16,266,within
bge-small-en-v1.5__fixed_window,bge-small-en-v1.5,fixed_window,132,total_miss,1,14,262,exceeds,14,262,within
bge-small-en-v1.5__fixed_window,bge-small-en-v1.5,fixed_window,1320,full_success,1,25,266,exceeds,25,266,within
bge-small-en-v1.5__fixed_window,bge-small-en-v1.5,fixed_window,133,full_success,5,49,480,exceeds,49,480,within
bge-small-en-v1.5__fixed_window,bge-small-en-v1.5,fixed_window,1332,total_miss,1,42,318,exceeds,42,318,within
bge-small-en-v1.5__fixed_window,bge-small-en-v1.5,fixed_window,1335,mis_ranked,1,15,266,exceeds,15,266,within
bge-small-en-v1.5__fixed_window,bge-small-en-v1.5,fixed_window,1336,mis_ranked,1,14,266,exceeds,14,266,within
bge-small-en-v1.5__fixed_window,bge-small-en-v1.5,fixed_window,1337,full_success,1,32,279,exceeds,32,279,within
bge-small-en-v1.5__fixed_window,bge-small-en-v1.5,fixed_window,1339,full_success,1,16,490,exceeds,16,490,within
bge-small-en-v1.5__fixed_window,bge-small-en-v1.5,fixed_window,1344,mis_ranked,1,37,159,within,37,159,within
bge-small-en-v1.5__fixed_window,bge-small-en-v1.5,fixed_window,1352,full_success,1,22,291,exceeds,22,291,within
bge-small-en-v1.5__fixed_window,bge-small-en-v1.5,fixed_window,1359,full_success,1,36,716,exceeds,36,716,exceeds
bge-small-en-v1.5__fixed_window,bge-small-en-v1.5,fixed_window,1362,total_miss,1,16,366,exceeds,16,366,within
bge-small-en-v1.5__fixed_window,bge-small-en-v1.5,fixed_window,1363,total_miss,1,18,366,exceeds,18,366,within
bge-small-en-v1.5__fixed_window,bge-small-en-v1.5,fixed_window,1368,full_success,1,11,432,exceeds,11,432,within
bge-small-en-v1.5__fixed_window,bge-small-en-v1.5,fixed_window,137,full_success,1,20,283,exceeds,20,283,within
bge-small-en-v1.5__fixed_window,bge-small-en-v1.5,fixed_window,1370,full_success,1,11,432,exceeds,11,432,within
bge-small-en-v1.5__fixed_window,bge-small-en-v1.5,fixed_window,1379,full_success,4,19,584,exceeds,19,584,exceeds
bge-small-en-v1.5__fixed_window,bge-small-en-v1.5,fixed_window,1382,full_success,1,17,237,within,17,237,within
bge-small-en-v1.5__fixed_window,bge-small-en-v1.5,fixed_window,1385,full_success,1,11,188,within,11,188,within
bge-small-en-v1.5__fixed_window,bge-small-en-v1.5,fixed_window,1389,full_success,1,18,224,within,18,224,within
bge-small-en-v1.5__fixed_window,bge-small-en-v1.5,fixed_window,1395,mis_ranked,1,36,266,exceeds,36,266,within
bge-small-en-v1.5__fixed_window,bge-small-en-v1.5,fixed_window,141,full_success,2,19,504,exceeds,19,504,within
bge-small-en-v1.5__fixed_window,bge-small-en-v1.5,fixed_window,142,full_success,1,39,738,exceeds,39,738,exceeds
bge-small-en-v1.5__fixed_window,bge-small-en-v1.5,fixed_window,143,full_success,1,36,738,exceeds,36,738,exceeds
bge-small-en-v1.5__fixed_window,bge-small-en-v1.5,fixed_window,146,full_success,1,34,738,exceeds,34,738,exceeds
bge-small-en-v1.5__fixed_window,bge-small-en-v1.5,fixed_window,148,full_success,1,10,270,exceeds,10,270,within
bge-small-en-v1.5__fixed_window,bge-small-en-v1.5,fixed_window,163,full_success,1,14,460,exceeds,14,460,within
bge-small-en-v1.5__fixed_window,bge-small-en-v1.5,fixed_window,171,full_success,1,26,323,exceeds,26,323,within
bge-small-en-v1.5__fixed_window,bge-small-en-v1.5,fixed_window,179,full_success,4,12,584,exceeds,12,584,exceeds
bge-small-en-v1.5__fixed_window,bge-small-en-v1.5,fixed_window,180,full_success,1,36,323,exceeds,36,323,within
bge-small-en-v1.5__fixed_window,bge-small-en-v1.5,fixed_window,183,mis_ranked,1,13,265,exceeds,13,265,within
bge-small-en-v1.5__fixed_window,bge-small-en-v1.5,fixed_window,185,mis_ranked,1,12,516,exceeds,12,516,exceeds
bge-small-en-v1.5__fixed_window,bge-small-en-v1.5,fixed_window,198,mis_ranked,1,11,275,exceeds,11,275,within
bge-small-en-v1.5__fixed_window,bge-small-en-v1.5,fixed_window,208,full_success,1,12,361,exceeds,12,361,within
bge-small-en-v1.5__fixed_window,bge-small-en-v1.5,fixed_window,212,mis_ranked,1,11,289,exceeds,11,289,within
bge-small-en-v1.5__fixed_window,bge-small-en-v1.5,fixed_window,213,mis_ranked,1,26,601,exceeds,26,601,exceeds
bge-small-en-v1.5__fixed_window,bge-small-en-v1.5,fixed_window,216,full_success,1,18,356,exceeds,18,356,within
bge-small-en-v1.5__fixed_window,bge-small-en-v1.5,fixed_window,217,full_success,1,16,356,exceeds,16,356,within
bge-small-en-v1.5__fixed_window,bge-small-en-v1.5,fixed_window,218,full_success,1,17,356,exceeds,17,356,within
bge-small-en-v1.5__fixed_window,bge-small-en-v1.5,fixed_window,219,full_success,1,18,356,exceeds,18,356,within
bge-small-en-v1.5__fixed_window,bge-small-en-v1.5,fixed_window,230,full_success,1,22,482,exceeds,22,482,within
bge-small-en-v1.5__fixed_window,bge-small-en-v1.5,fixed_window,232,mis_ranked,1,19,80,within,19,80,within
bge-small-en-v1.5__fixed_window,bge-small-en-v1.5,fixed_window,233,full_success,1,18,283,exceeds,18,283,within
bge-small-en-v1.5__fixed_window,bge-small-en-v1.5,fixed_window,236,full_success,1,17,283,exceeds,17,283,within
bge-small-en-v1.5__fixed_window,bge-small-en-v1.5,fixed_window,237,full_success,1,22,406,exceeds,22,406,within
bge-small-en-v1.5__fixed_window,bge-small-en-v1.5,fixed_window,238,mis_ranked,1,14,96,within,14,96,within
bge-small-en-v1.5__fixed_window,bge-small-en-v1.5,fixed_window,239,mis_ranked,1,11,341,exceeds,11,341,within
bge-small-en-v1.5__fixed_window,bge-small-en-v1.5,fixed_window,248,full_success,1,16,218,within,16,218,within
bge-small-en-v1.5__fixed_window,bge-small-en-v1.5,fixed_window,249,full_success,1,16,218,within,16,218,within
bge-small-en-v1.5__fixed_window,bge-small-en-v1.5,fixed_window,261,mis_ranked,2,23,543,exceeds,23,543,exceeds
bge-small-en-v1.5__fixed_window,bge-small-en-v1.5,fixed_window,268,mis_ranked,1,8,312,exceeds,8,312,within
bge-small-en-v1.5__fixed_window,bge-small-en-v1.5,fixed_window,269,mis_ranked,1,8,312,exceeds,8,312,within
bge-small-en-v1.5__fixed_window,bge-small-en-v1.5,fixed_window,274,full_success,1,41,716,exceeds,41,716,exceeds
bge-small-en-v1.5__fixed_window,bge-small-en-v1.5,fixed_window,275,mis_ranked,3,30,510,exceeds,30,510,within
bge-small-en-v1.5__fixed_window,bge-small-en-v1.5,fixed_window,279,full_success,1,25,410,exceeds,25,410,within
bge-small-en-v1.5__fixed_window,bge-small-en-v1.5,fixed_window,294,mis_ranked,1,22,387,exceeds,22,387,within
bge-small-en-v1.5__fixed_window,bge-small-en-v1.5,fixed_window,295,mis_ranked,1,36,320,exceeds,36,320,within
bge-small-en-v1.5__fixed_window,bge-small-en-v1.5,fixed_window,298,mis_ranked,1,25,198,within,25,198,within
bge-small-en-v1.5__fixed_window,bge-small-en-v1.5,fixed_window,3,mis_ranked,1,28,354,exceeds,28,354,within
bge-small-en-v1.5__fixed_window,bge-small-en-v1.5,fixed_window,300,mis_ranked,1,43,352,exceeds,43,352,within
bge-small-en-v1.5__fixed_window,bge-small-en-v1.5,fixed_window,303,total_miss,1,25,283,exceeds,25,283,within
bge-small-en-v1.5__fixed_window,bge-small-en-v1.5,fixed_window,312,total_miss,1,21,476,exceeds,21,476,within
bge-small-en-v1.5__fixed_window,bge-small-en-v1.5,fixed_window,314,mis_ranked,1,34,325,exceeds,34,325,within
bge-small-en-v1.5__fixed_window,bge-small-en-v1.5,fixed_window,324,total_miss,1,14,282,exceeds,14,282,within
bge-small-en-v1.5__fixed_window,bge-small-en-v1.5,fixed_window,327,full_success,1,21,247,within,21,247,within
bge-small-en-v1.5__fixed_window,bge-small-en-v1.5,fixed_window,338,full_success,1,15,649,exceeds,15,649,exceeds
bge-small-en-v1.5__fixed_window,bge-small-en-v1.5,fixed_window,343,full_success,2,25,481,exceeds,25,481,within
bge-small-en-v1.5__fixed_window,bge-small-en-v1.5,fixed_window,350,full_success,1,23,203,within,23,203,within
bge-small-en-v1.5__fixed_window,bge-small-en-v1.5,fixed_window,354,full_success,1,26,271,exceeds,26,271,within
bge-small-en-v1.5__fixed_window,bge-small-en-v1.5,fixed_window,36,mis_ranked,2,17,451,exceeds,17,451,within
bge-small-en-v1.5__fixed_window,bge-small-en-v1.5,fixed_window,362,mis_ranked,1,36,304,exceeds,36,304,within
bge-small-en-v1.5__fixed_window,bge-small-en-v1.5,fixed_window,380,mis_ranked,1,18,216,within,18,216,within
bge-small-en-v1.5__fixed_window,bge-small-en-v1.5,fixed_window,384,mis_ranked,1,23,1021,exceeds,23,1021,exceeds
bge-small-en-v1.5__fixed_window,bge-small-en-v1.5,fixed_window,385,mis_ranked,2,25,406,exceeds,25,406,within
bge-small-en-v1.5__fixed_window,bge-small-en-v1.5,fixed_window,386,full_success,1,22,244,within,22,244,within
bge-small-en-v1.5__fixed_window,bge-small-en-v1.5,fixed_window,388,full_success,1,13,252,within,13,252,within
bge-small-en-v1.5__fixed_window,bge-small-en-v1.5,fixed_window,399,full_success,1,15,463,exceeds,15,463,within
bge-small-en-v1.5__fixed_window,bge-small-en-v1.5,fixed_window,410,full_success,1,16,170,within,16,170,within
bge-small-en-v1.5__fixed_window,bge-small-en-v1.5,fixed_window,411,full_success,1,16,170,within,16,170,within
bge-small-en-v1.5__fixed_window,bge-small-en-v1.5,fixed_window,415,mis_ranked,1,26,579,exceeds,26,579,exceeds
bge-small-en-v1.5__fixed_window,bge-small-en-v1.5,fixed_window,42,full_success,1,33,702,exceeds,33,702,exceeds
bge-small-en-v1.5__fixed_window,bge-small-en-v1.5,fixed_window,421,total_miss,1,22,213,within,22,213,within
bge-small-en-v1.5__fixed_window,bge-small-en-v1.5,fixed_window,431,mis_ranked,1,23,238,within,23,238,within
bge-small-en-v1.5__fixed_window,bge-small-en-v1.5,fixed_window,436,full_success,1,22,294,exceeds,22,294,within
bge-small-en-v1.5__fixed_window,bge-small-en-v1.5,fixed_window,437,total_miss,1,32,272,exceeds,32,272,within
bge-small-en-v1.5__fixed_window,bge-small-en-v1.5,fixed_window,439,full_success,1,29,314,exceeds,29,314,within
bge-small-en-v1.5__fixed_window,bge-small-en-v1.5,fixed_window,440,full_success,1,28,314,exceeds,28,314,within
bge-small-en-v1.5__fixed_window,bge-small-en-v1.5,fixed_window,443,full_success,1,22,298,exceeds,22,298,within
bge-small-en-v1.5__fixed_window,bge-small-en-v1.5,fixed_window,452,mis_ranked,2,16,213,within,16,213,within
bge-small-en-v1.5__fixed_window,bge-small-en-v1.5,fixed_window,475,total_miss,1,20,250,within,20,250,within
bge-small-en-v1.5__fixed_window,bge-small-en-v1.5,fixed_window,478,full_success,1,41,196,within,41,196,within
bge-small-en-v1.5__fixed_window,bge-small-en-v1.5,fixed_window,48,full_success,1,25,425,exceeds,25,425,within
bge-small-en-v1.5__fixed_window,bge-small-en-v1.5,fixed_window,49,full_success,1,18,253,within,18,253,within
bge-small-en-v1.5__fixed_window,bge-small-en-v1.5,fixed_window,491,full_success,1,20,215,within,20,215,within
bge-small-en-v1.5__fixed_window,bge-small-en-v1.5,fixed_window,5,mis_ranked,1,15,425,exceeds,15,425,within
bge-small-en-v1.5__fixed_window,bge-small-en-v1.5,fixed_window,50,full_success,1,11,271,exceeds,11,271,within
bge-small-en-v1.5__fixed_window,bge-small-en-v1.5,fixed_window,501,full_success,1,11,452,exceeds,11,452,within
bge-small-en-v1.5__fixed_window,bge-small-en-v1.5,fixed_window,502,total_miss,1,22,791,exceeds,22,791,exceeds
bge-small-en-v1.5__fixed_window,bge-small-en-v1.5,fixed_window,507,mis_ranked,1,28,255,within,28,255,within
bge-small-en-v1.5__fixed_window,bge-small-en-v1.5,fixed_window,508,total_miss,1,19,238,within,19,238,within
bge-small-en-v1.5__fixed_window,bge-small-en-v1.5,fixed_window,51,full_success,1,14,238,within,14,238,within
bge-small-en-v1.5__fixed_window,bge-small-en-v1.5,fixed_window,513,mis_ranked,1,15,531,exceeds,15,531,exceeds
bge-small-en-v1.5__fixed_window,bge-small-en-v1.5,fixed_window,514,full_success,1,34,460,exceeds,34,460,within
bge-small-en-v1.5__fixed_window,bge-small-en-v1.5,fixed_window,516,full_success,1,28,849,exceeds,28,849,exceeds
bge-small-en-v1.5__fixed_window,bge-small-en-v1.5,fixed_window,517,total_miss,1,13,595,exceeds,13,595,exceeds
bge-small-en-v1.5__fixed_window,bge-small-en-v1.5,fixed_window,521,full_success,1,43,714,exceeds,43,714,exceeds
bge-small-en-v1.5__fixed_window,bge-small-en-v1.5,fixed_window,525,full_success,1,31,234,within,31,234,within
bge-small-en-v1.5__fixed_window,bge-small-en-v1.5,fixed_window,527,mis_ranked,1,41,282,exceeds,41,282,within
bge-small-en-v1.5__fixed_window,bge-small-en-v1.5,fixed_window,528,full_success,1,64,387,exceeds,64,387,within
bge-small-en-v1.5__fixed_window,bge-small-en-v1.5,fixed_window,53,full_success,1,17,238,within,17,238,within
bge-small-en-v1.5__fixed_window,bge-small-en-v1.5,fixed_window,532,full_success,1,23,537,exceeds,23,537,exceeds
bge-small-en-v1.5__fixed_window,bge-small-en-v1.5,fixed_window,533,full_success,1,23,537,exceeds,23,537,exceeds
bge-small-en-v1.5__fixed_window,bge-small-en-v1.5,fixed_window,535,mis_ranked,1,13,560,exceeds,13,560,exceeds
bge-small-en-v1.5__fixed_window,bge-small-en-v1.5,fixed_window,536,full_success,1,18,330,exceeds,18,330,within
bge-small-en-v1.5__fixed_window,bge-small-en-v1.5,fixed_window,539,full_success,1,14,685,exceeds,14,685,exceeds
bge-small-en-v1.5__fixed_window,bge-small-en-v1.5,fixed_window,54,full_success,1,23,314,exceeds,23,314,within
bge-small-en-v1.5__fixed_window,bge-small-en-v1.5,fixed_window,540,mis_ranked,2,22,350,exceeds,22,350,within
bge-small-en-v1.5__fixed_window,bge-small-en-v1.5,fixed_window,544,mis_ranked,1,20,366,exceeds,20,366,within
bge-small-en-v1.5__fixed_window,bge-small-en-v1.5,fixed_window,549,full_success,1,17,267,exceeds,17,267,within
bge-small-en-v1.5__fixed_window,bge-small-en-v1.5,fixed_window,551,mis_ranked,1,44,230,within,44,230,within
bge-small-en-v1.5__fixed_window,bge-small-en-v1.5,fixed_window,552,full_success,1,36,360,exceeds,36,360,within
bge-small-en-v1.5__fixed_window,bge-small-en-v1.5,fixed_window,554,mis_ranked,1,22,303,exceeds,22,303,within
bge-small-en-v1.5__fixed_window,bge-small-en-v1.5,fixed_window,56,full_success,1,32,306,exceeds,32,306,within
bge-small-en-v1.5__fixed_window,bge-small-en-v1.5,fixed_window,560,total_miss,1,21,337,exceeds,21,337,within
bge-small-en-v1.5__fixed_window,bge-small-en-v1.5,fixed_window,569,mis_ranked,1,14,317,exceeds,14,317,within
bge-small-en-v1.5__fixed_window,bge-small-en-v1.5,fixed_window,57,full_success,1,33,306,exceeds,33,306,within
bge-small-en-v1.5__fixed_window,bge-small-en-v1.5,fixed_window,575,full_success,1,28,229,within,28,229,within
bge-small-en-v1.5__fixed_window,bge-small-en-v1.5,fixed_window,577,mis_ranked,1,37,174,within,37,174,within
bge-small-en-v1.5__fixed_window,bge-small-en-v1.5,fixed_window,578,full_success,1,28,389,exceeds,28,389,within
bge-small-en-v1.5__fixed_window,bge-small-en-v1.5,fixed_window,587,mis_ranked,1,41,256,within,41,256,within
bge-small-en-v1.5__fixed_window,bge-small-en-v1.5,fixed_window,589,full_success,1,28,652,exceeds,28,652,exceeds
bge-small-en-v1.5__fixed_window,bge-small-en-v1.5,fixed_window,593,full_success,1,15,405,exceeds,15,405,within
bge-small-en-v1.5__fixed_window,bge-small-en-v1.5,fixed_window,597,full_success,3,10,326,exceeds,10,326,within
bge-small-en-v1.5__fixed_window,bge-small-en-v1.5,fixed_window,598,full_success,1,26,326,exceeds,26,326,within
bge-small-en-v1.5__fixed_window,bge-small-en-v1.5,fixed_window,613,full_success,1,27,306,exceeds,27,306,within
bge-small-en-v1.5__fixed_window,bge-small-en-v1.5,fixed_window,619,mis_ranked,2,20,366,exceeds,20,366,within
bge-small-en-v1.5__fixed_window,bge-small-en-v1.5,fixed_window,623,mis_ranked,1,18,280,exceeds,18,280,within
bge-small-en-v1.5__fixed_window,bge-small-en-v1.5,fixed_window,628,full_success,1,26,282,exceeds,26,282,within
bge-small-en-v1.5__fixed_window,bge-small-en-v1.5,fixed_window,636,full_success,1,40,353,exceeds,40,353,within
bge-small-en-v1.5__fixed_window,bge-small-en-v1.5,fixed_window,637,mis_ranked,1,17,244,within,17,244,within
bge-small-en-v1.5__fixed_window,bge-small-en-v1.5,fixed_window,641,full_success,2,14,527,exceeds,14,527,exceeds
bge-small-en-v1.5__fixed_window,bge-small-en-v1.5,fixed_window,644,full_success,1,10,859,exceeds,10,859,exceeds
bge-small-en-v1.5__fixed_window,bge-small-en-v1.5,fixed_window,649,full_success,1,20,382,exceeds,20,382,within
bge-small-en-v1.5__fixed_window,bge-small-en-v1.5,fixed_window,659,mis_ranked,1,20,285,exceeds,20,285,within
bge-small-en-v1.5__fixed_window,bge-small-en-v1.5,fixed_window,660,total_miss,1,17,285,exceeds,17,285,within
bge-small-en-v1.5__fixed_window,bge-small-en-v1.5,fixed_window,674,total_miss,1,17,550,exceeds,17,550,exceeds
bge-small-en-v1.5__fixed_window,bge-small-en-v1.5,fixed_window,684,mis_ranked,1,22,406,exceeds,22,406,within
bge-small-en-v1.5__fixed_window,bge-small-en-v1.5,fixed_window,690,total_miss,1,43,311,exceeds,43,311,within
bge-small-en-v1.5__fixed_window,bge-small-en-v1.5,fixed_window,691,mis_ranked,1,27,248,within,27,248,within
bge-small-en-v1.5__fixed_window,bge-small-en-v1.5,fixed_window,692,full_success,1,18,499,exceeds,18,499,within
bge-small-en-v1.5__fixed_window,bge-small-en-v1.5,fixed_window,693,full_success,1,18,499,exceeds,18,499,within
bge-small-en-v1.5__fixed_window,bge-small-en-v1.5,fixed_window,70,full_success,2,14,423,exceeds,14,423,within
bge-small-en-v1.5__fixed_window,bge-small-en-v1.5,fixed_window,700,full_success,1,20,335,exceeds,20,335,within
bge-small-en-v1.5__fixed_window,bge-small-en-v1.5,fixed_window,702,full_success,1,21,335,exceeds,21,335,within
bge-small-en-v1.5__fixed_window,bge-small-en-v1.5,fixed_window,715,total_miss,1,25,234,within,25,234,within
bge-small-en-v1.5__fixed_window,bge-small-en-v1.5,fixed_window,716,total_miss,1,18,234,within,18,234,within
bge-small-en-v1.5__fixed_window,bge-small-en-v1.5,fixed_window,718,full_success,1,22,273,exceeds,22,273,within
bge-small-en-v1.5__fixed_window,bge-small-en-v1.5,fixed_window,72,full_success,1,19,271,exceeds,19,271,within
bge-small-en-v1.5__fixed_window,bge-small-en-v1.5,fixed_window,721,full_success,1,28,250,within,28,250,within
bge-small-en-v1.5__fixed_window,bge-small-en-v1.5,fixed_window,723,full_success,1,24,251,within,24,251,within
bge-small-en-v1.5__fixed_window,bge-small-en-v1.5,fixed_window,727,mis_ranked,1,24,265,exceeds,24,265,within
bge-small-en-v1.5__fixed_window,bge-small-en-v1.5,fixed_window,728,full_success,2,23,388,exceeds,23,388,within
bge-small-en-v1.5__fixed_window,bge-small-en-v1.5,fixed_window,729,full_success,1,24,283,exceeds,24,283,within
bge-small-en-v1.5__fixed_window,bge-small-en-v1.5,fixed_window,742,full_success,1,17,400,exceeds,17,400,within
bge-small-en-v1.5__fixed_window,bge-small-en-v1.5,fixed_window,743,full_success,1,14,400,exceeds,14,400,within
bge-small-en-v1.5__fixed_window,bge-small-en-v1.5,fixed_window,744,mis_ranked,1,26,240,within,26,240,within
bge-small-en-v1.5__fixed_window,bge-small-en-v1.5,fixed_window,75,mis_ranked,1,28,420,exceeds,28,420,within
bge-small-en-v1.5__fixed_window,bge-small-en-v1.5,fixed_window,756,mis_ranked,1,24,286,exceeds,24,286,within
bge-small-en-v1.5__fixed_window,bge-small-en-v1.5,fixed_window,759,full_success,1,32,612,exceeds,32,612,exceeds
bge-small-en-v1.5__fixed_window,bge-small-en-v1.5,fixed_window,768,mis_ranked,1,37,286,exceeds,37,286,within
bge-small-en-v1.5__fixed_window,bge-small-en-v1.5,fixed_window,770,full_success,1,42,778,exceeds,42,778,exceeds
bge-small-en-v1.5__fixed_window,bge-small-en-v1.5,fixed_window,775,mis_ranked,1,35,288,exceeds,35,288,within
bge-small-en-v1.5__fixed_window,bge-small-en-v1.5,fixed_window,781,mis_ranked,1,27,313,exceeds,27,313,within
bge-small-en-v1.5__fixed_window,bge-small-en-v1.5,fixed_window,783,mis_ranked,1,25,303,exceeds,25,303,within
bge-small-en-v1.5__fixed_window,bge-small-en-v1.5,fixed_window,784,full_success,1,24,264,exceeds,24,264,within
bge-small-en-v1.5__fixed_window,bge-small-en-v1.5,fixed_window,785,mis_ranked,1,32,546,exceeds,32,546,exceeds
bge-small-en-v1.5__fixed_window,bge-small-en-v1.5,fixed_window,793,full_success,1,16,142,within,16,142,within
bge-small-en-v1.5__fixed_window,bge-small-en-v1.5,fixed_window,800,mis_ranked,1,26,164,within,26,164,within
bge-small-en-v1.5__fixed_window,bge-small-en-v1.5,fixed_window,805,full_success,1,19,305,exceeds,19,305,within
bge-small-en-v1.5__fixed_window,bge-small-en-v1.5,fixed_window,808,full_success,1,14,198,within,14,198,within
bge-small-en-v1.5__fixed_window,bge-small-en-v1.5,fixed_window,811,full_success,1,24,394,exceeds,24,394,within
bge-small-en-v1.5__fixed_window,bge-small-en-v1.5,fixed_window,814,full_success,1,39,360,exceeds,39,360,within
bge-small-en-v1.5__fixed_window,bge-small-en-v1.5,fixed_window,820,total_miss,1,13,369,exceeds,13,369,within
bge-small-en-v1.5__fixed_window,bge-small-en-v1.5,fixed_window,821,total_miss,1,13,369,exceeds,13,369,within
bge-small-en-v1.5__fixed_window,bge-small-en-v1.5,fixed_window,823,full_success,1,19,719,exceeds,19,719,exceeds
bge-small-en-v1.5__fixed_window,bge-small-en-v1.5,fixed_window,830,mis_ranked,1,41,240,within,41,240,within
bge-small-en-v1.5__fixed_window,bge-small-en-v1.5,fixed_window,831,total_miss,1,31,240,within,31,240,within
bge-small-en-v1.5__fixed_window,bge-small-en-v1.5,fixed_window,832,full_success,1,17,284,exceeds,17,284,within
bge-small-en-v1.5__fixed_window,bge-small-en-v1.5,fixed_window,834,total_miss,1,22,253,within,22,253,within
bge-small-en-v1.5__fixed_window,bge-small-en-v1.5,fixed_window,837,mis_ranked,1,17,332,exceeds,17,332,within
bge-small-en-v1.5__fixed_window,bge-small-en-v1.5,fixed_window,839,full_success,1,26,307,exceeds,26,307,within
bge-small-en-v1.5__fixed_window,bge-small-en-v1.5,fixed_window,845,mis_ranked,1,25,170,within,25,170,within
bge-small-en-v1.5__fixed_window,bge-small-en-v1.5,fixed_window,847,full_success,1,24,300,exceeds,24,300,within
bge-small-en-v1.5__fixed_window,bge-small-en-v1.5,fixed_window,852,full_success,1,19,365,exceeds,19,365,within
bge-small-en-v1.5__fixed_window,bge-small-en-v1.5,fixed_window,859,mis_ranked,1,14,279,exceeds,14,279,within
bge-small-en-v1.5__fixed_window,bge-small-en-v1.5,fixed_window,870,mis_ranked,1,7,752,exceeds,7,752,exceeds
bge-small-en-v1.5__fixed_window,bge-small-en-v1.5,fixed_window,873,mis_ranked,5,10,485,exceeds,10,485,within
bge-small-en-v1.5__fixed_window,bge-small-en-v1.5,fixed_window,879,full_success,1,21,240,within,21,240,within
bge-small-en-v1.5__fixed_window,bge-small-en-v1.5,fixed_window,880,full_success,1,20,240,within,20,240,within
bge-small-en-v1.5__fixed_window,bge-small-en-v1.5,fixed_window,882,full_success,1,26,362,exceeds,26,362,within
bge-small-en-v1.5__fixed_window,bge-small-en-v1.5,fixed_window,887,total_miss,1,17,470,exceeds,17,470,within
bge-small-en-v1.5__fixed_window,bge-small-en-v1.5,fixed_window,903,full_success,1,18,288,exceeds,18,288,within
bge-small-en-v1.5__fixed_window,bge-small-en-v1.5,fixed_window,904,full_success,1,43,320,exceeds,43,320,within
bge-small-en-v1.5__fixed_window,bge-small-en-v1.5,fixed_window,907,full_success,1,23,130,within,23,130,within
bge-small-en-v1.5__fixed_window,bge-small-en-v1.5,fixed_window,911,full_success,1,27,572,exceeds,27,572,exceeds
bge-small-en-v1.5__fixed_window,bge-small-en-v1.5,fixed_window,913,mis_ranked,1,17,261,exceeds,17,261,within
bge-small-en-v1.5__fixed_window,bge-small-en-v1.5,fixed_window,914,mis_ranked,1,17,261,exceeds,17,261,within
bge-small-en-v1.5__fixed_window,bge-small-en-v1.5,fixed_window,921,full_success,1,13,523,exceeds,13,523,exceeds
bge-small-en-v1.5__fixed_window,bge-small-en-v1.5,fixed_window,922,full_success,1,15,402,exceeds,15,402,within
bge-small-en-v1.5__fixed_window,bge-small-en-v1.5,fixed_window,936,full_success,1,20,253,within,20,253,within
bge-small-en-v1.5__fixed_window,bge-small-en-v1.5,fixed_window,94,full_success,1,20,285,exceeds,20,285,within
bge-small-en-v1.5__fixed_window,bge-small-en-v1.5,fixed_window,956,full_success,1,26,200,within,26,200,within
bge-small-en-v1.5__fixed_window,bge-small-en-v1.5,fixed_window,957,full_success,1,15,277,exceeds,15,277,within
bge-small-en-v1.5__fixed_window,bge-small-en-v1.5,fixed_window,960,full_success,1,10,313,exceeds,10,313,within
bge-small-en-v1.5__fixed_window,bge-small-en-v1.5,fixed_window,967,full_success,2,26,324,exceeds,26,324,within
bge-small-en-v1.5__fixed_window,bge-small-en-v1.5,fixed_window,971,full_success,4,31,1149,exceeds,31,1149,exceeds
bge-small-en-v1.5__fixed_window,bge-small-en-v1.5,fixed_window,975,total_miss,1,20,318,exceeds,20,318,within
bge-small-en-v1.5__fixed_window,bge-small-en-v1.5,fixed_window,982,full_success,1,25,227,within,25,227,within
bge-small-en-v1.5__fixed_window,bge-small-en-v1.5,fixed_window,985,full_success,1,24,263,exceeds,24,263,within
bge-small-en-v1.5__fixed_window,bge-small-en-v1.5,fixed_window,99,full_success,1,18,340,exceeds,18,340,within
bge-small-en-v1.5__fixed_window,bge-small-en-v1.5,fixed_window,993,full_success,1,25,278,exceeds,25,278,within
bge-small-en-v1.5__sentence_window,bge-small-en-v1.5,sentence_window,1,total_miss,1,15,149,within,15,149,within
bge-small-en-v1.5__sentence_window,bge-small-en-v1.5,sentence_window,100,full_success,1,17,385,exceeds,17,385,within
bge-small-en-v1.5__sentence_window,bge-small-en-v1.5,sentence_window,1012,full_success,1,21,461,exceeds,21,461,within
bge-small-en-v1.5__sentence_window,bge-small-en-v1.5,sentence_window,1014,full_success,1,19,210,within,19,210,within
bge-small-en-v1.5__sentence_window,bge-small-en-v1.5,sentence_window,1019,mis_ranked,1,17,421,exceeds,17,421,within
bge-small-en-v1.5__sentence_window,bge-small-en-v1.5,sentence_window,1020,full_success,1,32,267,exceeds,32,267,within
bge-small-en-v1.5__sentence_window,bge-small-en-v1.5,sentence_window,1021,full_success,1,32,267,exceeds,32,267,within
bge-small-en-v1.5__sentence_window,bge-small-en-v1.5,sentence_window,1024,full_success,1,20,224,within,20,224,within
bge-small-en-v1.5__sentence_window,bge-small-en-v1.5,sentence_window,1029,full_success,3,33,369,exceeds,33,369,within
bge-small-en-v1.5__sentence_window,bge-small-en-v1.5,sentence_window,1041,mis_ranked,2,33,353,exceeds,33,353,within
bge-small-en-v1.5__sentence_window,bge-small-en-v1.5,sentence_window,1049,mis_ranked,1,18,239,within,18,239,within
bge-small-en-v1.5__sentence_window,bge-small-en-v1.5,sentence_window,1062,full_success,1,25,389,exceeds,25,389,within
bge-small-en-v1.5__sentence_window,bge-small-en-v1.5,sentence_window,1086,full_success,1,30,491,exceeds,30,491,within
bge-small-en-v1.5__sentence_window,bge-small-en-v1.5,sentence_window,1088,full_success,1,19,204,within,19,204,within
bge-small-en-v1.5__sentence_window,bge-small-en-v1.5,sentence_window,1089,full_success,1,30,371,exceeds,30,371,within
bge-small-en-v1.5__sentence_window,bge-small-en-v1.5,sentence_window,1099,mis_ranked,1,10,166,within,10,166,within
bge-small-en-v1.5__sentence_window,bge-small-en-v1.5,sentence_window,1100,total_miss,1,10,166,within,10,166,within
bge-small-en-v1.5__sentence_window,bge-small-en-v1.5,sentence_window,1104,full_success,1,35,904,exceeds,35,904,exceeds
bge-small-en-v1.5__sentence_window,bge-small-en-v1.5,sentence_window,1107,mis_ranked,1,16,181,within,16,181,within
bge-small-en-v1.5__sentence_window,bge-small-en-v1.5,sentence_window,1110,total_miss,1,14,1021,exceeds,14,1021,exceeds
bge-small-en-v1.5__sentence_window,bge-small-en-v1.5,sentence_window,1121,mis_ranked,1,26,403,exceeds,26,403,within
bge-small-en-v1.5__sentence_window,bge-small-en-v1.5,sentence_window,113,full_success,1,22,468,exceeds,22,468,within
bge-small-en-v1.5__sentence_window,bge-small-en-v1.5,sentence_window,1130,full_success,1,31,247,within,31,247,within
bge-small-en-v1.5__sentence_window,bge-small-en-v1.5,sentence_window,1132,mis_ranked,2,28,275,exceeds,28,275,within
bge-small-en-v1.5__sentence_window,bge-small-en-v1.5,sentence_window,1137,full_success,1,18,463,exceeds,18,463,within
bge-small-en-v1.5__sentence_window,bge-small-en-v1.5,sentence_window,1140,full_success,1,20,653,exceeds,20,653,exceeds
bge-small-en-v1.5__sentence_window,bge-small-en-v1.5,sentence_window,1144,full_success,1,23,531,exceeds,23,531,exceeds
bge-small-en-v1.5__sentence_window,bge-small-en-v1.5,sentence_window,1146,full_success,1,15,454,exceeds,15,454,within
bge-small-en-v1.5__sentence_window,bge-small-en-v1.5,sentence_window,115,full_success,1,16,318,exceeds,16,318,within
bge-small-en-v1.5__sentence_window,bge-small-en-v1.5,sentence_window,1150,full_success,1,25,238,within,25,238,within
bge-small-en-v1.5__sentence_window,bge-small-en-v1.5,sentence_window,1163,full_success,1,20,244,within,20,244,within
bge-small-en-v1.5__sentence_window,bge-small-en-v1.5,sentence_window,1175,total_miss,1,16,216,within,16,216,within
bge-small-en-v1.5__sentence_window,bge-small-en-v1.5,sentence_window,1179,total_miss,1,20,216,within,20,216,within
bge-small-en-v1.5__sentence_window,bge-small-en-v1.5,sentence_window,118,full_success,1,23,257,exceeds,23,257,within
bge-small-en-v1.5__sentence_window,bge-small-en-v1.5,sentence_window,1180,mis_ranked,1,16,216,within,16,216,within
bge-small-en-v1.5__sentence_window,bge-small-en-v1.5,sentence_window,1185,full_success,1,36,485,exceeds,36,485,within
bge-small-en-v1.5__sentence_window,bge-small-en-v1.5,sentence_window,1187,full_success,1,36,349,exceeds,36,349,within
bge-small-en-v1.5__sentence_window,bge-small-en-v1.5,sentence_window,1191,mis_ranked,1,14,159,within,14,159,within
bge-small-en-v1.5__sentence_window,bge-small-en-v1.5,sentence_window,1194,full_success,1,32,264,exceeds,32,264,within
bge-small-en-v1.5__sentence_window,bge-small-en-v1.5,sentence_window,1196,mis_ranked,1,16,244,within,16,244,within
bge-small-en-v1.5__sentence_window,bge-small-en-v1.5,sentence_window,1197,mis_ranked,1,17,244,within,17,244,within
bge-small-en-v1.5__sentence_window,bge-small-en-v1.5,sentence_window,1199,total_miss,1,26,637,exceeds,26,637,exceeds
bge-small-en-v1.5__sentence_window,bge-small-en-v1.5,sentence_window,1200,mis_ranked,1,42,274,exceeds,42,274,within
bge-small-en-v1.5__sentence_window,bge-small-en-v1.5,sentence_window,1202,full_success,1,22,261,exceeds,22,261,within
bge-small-en-v1.5__sentence_window,bge-small-en-v1.5,sentence_window,1204,full_success,1,32,321,exceeds,32,321,within
bge-small-en-v1.5__sentence_window,bge-small-en-v1.5,sentence_window,1207,full_success,1,38,297,exceeds,38,297,within
bge-small-en-v1.5__sentence_window,bge-small-en-v1.5,sentence_window,1213,total_miss,1,21,599,exceeds,21,599,exceeds
bge-small-en-v1.5__sentence_window,bge-small-en-v1.5,sentence_window,1216,full_success,1,20,262,exceeds,20,262,within
bge-small-en-v1.5__sentence_window,bge-small-en-v1.5,sentence_window,1221,full_success,1,24,296,exceeds,24,296,within
bge-small-en-v1.5__sentence_window,bge-small-en-v1.5,sentence_window,1225,full_success,1,19,287,exceeds,19,287,within
bge-small-en-v1.5__sentence_window,bge-small-en-v1.5,sentence_window,1226,total_miss,1,23,315,exceeds,23,315,within
bge-small-en-v1.5__sentence_window,bge-small-en-v1.5,sentence_window,1232,full_success,1,25,255,within,25,255,within
bge-small-en-v1.5__sentence_window,bge-small-en-v1.5,sentence_window,124,full_success,1,21,524,exceeds,21,524,exceeds
bge-small-en-v1.5__sentence_window,bge-small-en-v1.5,sentence_window,1241,full_success,1,20,416,exceeds,20,416,within
bge-small-en-v1.5__sentence_window,bge-small-en-v1.5,sentence_window,1245,mis_ranked,1,15,324,exceeds,15,324,within
bge-small-en-v1.5__sentence_window,bge-small-en-v1.5,sentence_window,1259,full_success,1,35,708,exceeds,35,708,exceeds
bge-small-en-v1.5__sentence_window,bge-small-en-v1.5,sentence_window,1262,full_success,1,20,217,within,20,217,within
bge-small-en-v1.5__sentence_window,bge-small-en-v1.5,sentence_window,1266,full_success,1,35,511,exceeds,35,511,within
bge-small-en-v1.5__sentence_window,bge-small-en-v1.5,sentence_window,127,mis_ranked,1,20,292,exceeds,20,292,within
bge-small-en-v1.5__sentence_window,bge-small-en-v1.5,sentence_window,1270,full_success,1,18,576,exceeds,18,576,exceeds
bge-small-en-v1.5__sentence_window,bge-small-en-v1.5,sentence_window,1271,full_success,1,31,523,exceeds,31,523,exceeds
bge-small-en-v1.5__sentence_window,bge-small-en-v1.5,sentence_window,1272,total_miss,1,23,177,within,23,177,within
bge-small-en-v1.5__sentence_window,bge-small-en-v1.5,sentence_window,1273,full_success,1,21,282,exceeds,21,282,within
bge-small-en-v1.5__sentence_window,bge-small-en-v1.5,sentence_window,1274,mis_ranked,3,44,335,exceeds,44,335,within
bge-small-en-v1.5__sentence_window,bge-small-en-v1.5,sentence_window,1278,full_success,1,23,234,within,23,234,within
bge-small-en-v1.5__sentence_window,bge-small-en-v1.5,sentence_window,1279,full_success,1,23,234,within,23,234,within
bge-small-en-v1.5__sentence_window,bge-small-en-v1.5,sentence_window,128,total_miss,1,16,366,exceeds,16,366,within
bge-small-en-v1.5__sentence_window,bge-small-en-v1.5,sentence_window,1280,mis_ranked,1,34,420,exceeds,34,420,within
bge-small-en-v1.5__sentence_window,bge-small-en-v1.5,sentence_window,1281,mis_ranked,1,19,420,exceeds,19,420,within
bge-small-en-v1.5__sentence_window,bge-small-en-v1.5,sentence_window,1282,full_success,1,28,399,exceeds,28,399,within
bge-small-en-v1.5__sentence_window,bge-small-en-v1.5,sentence_window,129,full_success,1,18,1363,exceeds,18,1363,exceeds
bge-small-en-v1.5__sentence_window,bge-small-en-v1.5,sentence_window,1290,full_success,1,15,627,exceeds,15,627,exceeds
bge-small-en-v1.5__sentence_window,bge-small-en-v1.5,sentence_window,1292,full_success,1,17,215,within,17,215,within
bge-small-en-v1.5__sentence_window,bge-small-en-v1.5,sentence_window,1298,full_success,1,35,516,exceeds,35,516,exceeds
bge-small-en-v1.5__sentence_window,bge-small-en-v1.5,sentence_window,13,total_miss,1,16,563,exceeds,16,563,exceeds
bge-small-en-v1.5__sentence_window,bge-small-en-v1.5,sentence_window,130,full_success,1,18,1363,exceeds,18,1363,exceeds
bge-small-en-v1.5__sentence_window,bge-small-en-v1.5,sentence_window,1303,mis_ranked,1,15,297,exceeds,15,297,within
bge-small-en-v1.5__sentence_window,bge-small-en-v1.5,sentence_window,1316,total_miss,1,18,266,exceeds,18,266,within
bge-small-en-v1.5__sentence_window,bge-small-en-v1.5,sentence_window,1319,full_success,1,16,266,exceeds,16,266,within
bge-small-en-v1.5__sentence_window,bge-small-en-v1.5,sentence_window,132,total_miss,1,14,262,exceeds,14,262,within
bge-small-en-v1.5__sentence_window,bge-small-en-v1.5,sentence_window,1320,full_success,1,25,266,exceeds,25,266,within
bge-small-en-v1.5__sentence_window,bge-small-en-v1.5,sentence_window,133,partial_recall,5,49,480,exceeds,49,480,within
bge-small-en-v1.5__sentence_window,bge-small-en-v1.5,sentence_window,1332,total_miss,1,42,318,exceeds,42,318,within
bge-small-en-v1.5__sentence_window,bge-small-en-v1.5,sentence_window,1335,mis_ranked,1,15,266,exceeds,15,266,within
bge-small-en-v1.5__sentence_window,bge-small-en-v1.5,sentence_window,1336,mis_ranked,1,14,266,exceeds,14,266,within
bge-small-en-v1.5__sentence_window,bge-small-en-v1.5,sentence_window,1337,full_success,1,32,279,exceeds,32,279,within
bge-small-en-v1.5__sentence_window,bge-small-en-v1.5,sentence_window,1339,full_success,1,16,490,exceeds,16,490,within
bge-small-en-v1.5__sentence_window,bge-small-en-v1.5,sentence_window,1344,mis_ranked,1,37,159,within,37,159,within
bge-small-en-v1.5__sentence_window,bge-small-en-v1.5,sentence_window,1352,full_success,1,22,291,exceeds,22,291,within
bge-small-en-v1.5__sentence_window,bge-small-en-v1.5,sentence_window,1359,full_success,1,36,716,exceeds,36,716,exceeds
bge-small-en-v1.5__sentence_window,bge-small-en-v1.5,sentence_window,1362,total_miss,1,16,366,exceeds,16,366,within
bge-small-en-v1.5__sentence_window,bge-small-en-v1.5,sentence_window,1363,total_miss,1,18,366,exceeds,18,366,within
bge-small-en-v1.5__sentence_window,bge-small-en-v1.5,sentence_window,1368,full_success,1,11,432,exceeds,11,432,within
bge-small-en-v1.5__sentence_window,bge-small-en-v1.5,sentence_window,137,full_success,1,20,283,exceeds,20,283,within
bge-small-en-v1.5__sentence_window,bge-small-en-v1.5,sentence_window,1370,full_success,1,11,432,exceeds,11,432,within
bge-small-en-v1.5__sentence_window,bge-small-en-v1.5,sentence_window,1379,mis_ranked,4,19,584,exceeds,19,584,exceeds
bge-small-en-v1.5__sentence_window,bge-small-en-v1.5,sentence_window,1382,full_success,1,17,237,within,17,237,within
bge-small-en-v1.5__sentence_window,bge-small-en-v1.5,sentence_window,1385,full_success,1,11,188,within,11,188,within
bge-small-en-v1.5__sentence_window,bge-small-en-v1.5,sentence_window,1389,full_success,1,18,224,within,18,224,within
bge-small-en-v1.5__sentence_window,bge-small-en-v1.5,sentence_window,1395,mis_ranked,1,36,266,exceeds,36,266,within
bge-small-en-v1.5__sentence_window,bge-small-en-v1.5,sentence_window,141,mis_ranked,2,19,504,exceeds,19,504,within
bge-small-en-v1.5__sentence_window,bge-small-en-v1.5,sentence_window,142,full_success,1,39,738,exceeds,39,738,exceeds
bge-small-en-v1.5__sentence_window,bge-small-en-v1.5,sentence_window,143,full_success,1,36,738,exceeds,36,738,exceeds
bge-small-en-v1.5__sentence_window,bge-small-en-v1.5,sentence_window,146,full_success,1,34,738,exceeds,34,738,exceeds
bge-small-en-v1.5__sentence_window,bge-small-en-v1.5,sentence_window,148,full_success,1,10,270,exceeds,10,270,within
bge-small-en-v1.5__sentence_window,bge-small-en-v1.5,sentence_window,163,full_success,1,14,460,exceeds,14,460,within
bge-small-en-v1.5__sentence_window,bge-small-en-v1.5,sentence_window,171,full_success,1,26,323,exceeds,26,323,within
bge-small-en-v1.5__sentence_window,bge-small-en-v1.5,sentence_window,179,mis_ranked,4,12,584,exceeds,12,584,exceeds
bge-small-en-v1.5__sentence_window,bge-small-en-v1.5,sentence_window,180,full_success,1,36,323,exceeds,36,323,within
bge-small-en-v1.5__sentence_window,bge-small-en-v1.5,sentence_window,183,mis_ranked,1,13,265,exceeds,13,265,within
bge-small-en-v1.5__sentence_window,bge-small-en-v1.5,sentence_window,185,mis_ranked,1,12,516,exceeds,12,516,exceeds
bge-small-en-v1.5__sentence_window,bge-small-en-v1.5,sentence_window,198,mis_ranked,1,11,275,exceeds,11,275,within
bge-small-en-v1.5__sentence_window,bge-small-en-v1.5,sentence_window,208,full_success,1,12,361,exceeds,12,361,within
bge-small-en-v1.5__sentence_window,bge-small-en-v1.5,sentence_window,212,mis_ranked,1,11,289,exceeds,11,289,within
bge-small-en-v1.5__sentence_window,bge-small-en-v1.5,sentence_window,213,mis_ranked,1,26,601,exceeds,26,601,exceeds
bge-small-en-v1.5__sentence_window,bge-small-en-v1.5,sentence_window,216,full_success,1,18,356,exceeds,18,356,within
bge-small-en-v1.5__sentence_window,bge-small-en-v1.5,sentence_window,217,full_success,1,16,356,exceeds,16,356,within
bge-small-en-v1.5__sentence_window,bge-small-en-v1.5,sentence_window,218,full_success,1,17,356,exceeds,17,356,within
bge-small-en-v1.5__sentence_window,bge-small-en-v1.5,sentence_window,219,full_success,1,18,356,exceeds,18,356,within
bge-small-en-v1.5__sentence_window,bge-small-en-v1.5,sentence_window,230,full_success,1,22,482,exceeds,22,482,within
bge-small-en-v1.5__sentence_window,bge-small-en-v1.5,sentence_window,232,mis_ranked,1,19,80,within,19,80,within
bge-small-en-v1.5__sentence_window,bge-small-en-v1.5,sentence_window,233,full_success,1,18,283,exceeds,18,283,within
bge-small-en-v1.5__sentence_window,bge-small-en-v1.5,sentence_window,236,full_success,1,17,283,exceeds,17,283,within
bge-small-en-v1.5__sentence_window,bge-small-en-v1.5,sentence_window,237,mis_ranked,1,22,406,exceeds,22,406,within
bge-small-en-v1.5__sentence_window,bge-small-en-v1.5,sentence_window,238,mis_ranked,1,14,96,within,14,96,within
bge-small-en-v1.5__sentence_window,bge-small-en-v1.5,sentence_window,239,mis_ranked,1,11,341,exceeds,11,341,within
bge-small-en-v1.5__sentence_window,bge-small-en-v1.5,sentence_window,248,full_success,1,16,218,within,16,218,within
bge-small-en-v1.5__sentence_window,bge-small-en-v1.5,sentence_window,249,full_success,1,16,218,within,16,218,within
bge-small-en-v1.5__sentence_window,bge-small-en-v1.5,sentence_window,261,mis_ranked,2,23,543,exceeds,23,543,exceeds
bge-small-en-v1.5__sentence_window,bge-small-en-v1.5,sentence_window,268,mis_ranked,1,8,312,exceeds,8,312,within
bge-small-en-v1.5__sentence_window,bge-small-en-v1.5,sentence_window,269,mis_ranked,1,8,312,exceeds,8,312,within
bge-small-en-v1.5__sentence_window,bge-small-en-v1.5,sentence_window,274,full_success,1,41,716,exceeds,41,716,exceeds
bge-small-en-v1.5__sentence_window,bge-small-en-v1.5,sentence_window,275,full_success,3,30,510,exceeds,30,510,within
bge-small-en-v1.5__sentence_window,bge-small-en-v1.5,sentence_window,279,full_success,1,25,410,exceeds,25,410,within
bge-small-en-v1.5__sentence_window,bge-small-en-v1.5,sentence_window,294,mis_ranked,1,22,387,exceeds,22,387,within
bge-small-en-v1.5__sentence_window,bge-small-en-v1.5,sentence_window,295,mis_ranked,1,36,320,exceeds,36,320,within
bge-small-en-v1.5__sentence_window,bge-small-en-v1.5,sentence_window,298,full_success,1,25,198,within,25,198,within
bge-small-en-v1.5__sentence_window,bge-small-en-v1.5,sentence_window,3,mis_ranked,1,28,354,exceeds,28,354,within
bge-small-en-v1.5__sentence_window,bge-small-en-v1.5,sentence_window,300,mis_ranked,1,43,352,exceeds,43,352,within
bge-small-en-v1.5__sentence_window,bge-small-en-v1.5,sentence_window,303,total_miss,1,25,283,exceeds,25,283,within
bge-small-en-v1.5__sentence_window,bge-small-en-v1.5,sentence_window,312,mis_ranked,1,21,476,exceeds,21,476,within
bge-small-en-v1.5__sentence_window,bge-small-en-v1.5,sentence_window,314,mis_ranked,1,34,325,exceeds,34,325,within
bge-small-en-v1.5__sentence_window,bge-small-en-v1.5,sentence_window,324,total_miss,1,14,282,exceeds,14,282,within
bge-small-en-v1.5__sentence_window,bge-small-en-v1.5,sentence_window,327,full_success,1,21,247,within,21,247,within
bge-small-en-v1.5__sentence_window,bge-small-en-v1.5,sentence_window,338,full_success,1,15,649,exceeds,15,649,exceeds
bge-small-en-v1.5__sentence_window,bge-small-en-v1.5,sentence_window,343,full_success,2,25,481,exceeds,25,481,within
bge-small-en-v1.5__sentence_window,bge-small-en-v1.5,sentence_window,350,full_success,1,23,203,within,23,203,within
bge-small-en-v1.5__sentence_window,bge-small-en-v1.5,sentence_window,354,full_success,1,26,271,exceeds,26,271,within
bge-small-en-v1.5__sentence_window,bge-small-en-v1.5,sentence_window,36,mis_ranked,2,17,451,exceeds,17,451,within
bge-small-en-v1.5__sentence_window,bge-small-en-v1.5,sentence_window,362,full_success,1,36,304,exceeds,36,304,within
bge-small-en-v1.5__sentence_window,bge-small-en-v1.5,sentence_window,380,mis_ranked,1,18,216,within,18,216,within
bge-small-en-v1.5__sentence_window,bge-small-en-v1.5,sentence_window,384,mis_ranked,1,23,1021,exceeds,23,1021,exceeds
bge-small-en-v1.5__sentence_window,bge-small-en-v1.5,sentence_window,385,mis_ranked,2,25,406,exceeds,25,406,within
bge-small-en-v1.5__sentence_window,bge-small-en-v1.5,sentence_window,386,full_success,1,22,244,within,22,244,within
bge-small-en-v1.5__sentence_window,bge-small-en-v1.5,sentence_window,388,full_success,1,13,252,within,13,252,within
bge-small-en-v1.5__sentence_window,bge-small-en-v1.5,sentence_window,399,full_success,1,15,463,exceeds,15,463,within
bge-small-en-v1.5__sentence_window,bge-small-en-v1.5,sentence_window,410,full_success,1,16,170,within,16,170,within
bge-small-en-v1.5__sentence_window,bge-small-en-v1.5,sentence_window,411,full_success,1,16,170,within,16,170,within
bge-small-en-v1.5__sentence_window,bge-small-en-v1.5,sentence_window,415,mis_ranked,1,26,579,exceeds,26,579,exceeds
bge-small-en-v1.5__sentence_window,bge-small-en-v1.5,sentence_window,42,full_success,1,33,702,exceeds,33,702,exceeds
bge-small-en-v1.5__sentence_window,bge-small-en-v1.5,sentence_window,421,total_miss,1,22,213,within,22,213,within
bge-small-en-v1.5__sentence_window,bge-small-en-v1.5,sentence_window,431,mis_ranked,1,23,238,within,23,238,within
bge-small-en-v1.5__sentence_window,bge-small-en-v1.5,sentence_window,436,full_success,1,22,294,exceeds,22,294,within
bge-small-en-v1.5__sentence_window,bge-small-en-v1.5,sentence_window,437,total_miss,1,32,272,exceeds,32,272,within
bge-small-en-v1.5__sentence_window,bge-small-en-v1.5,sentence_window,439,full_success,1,29,314,exceeds,29,314,within
bge-small-en-v1.5__sentence_window,bge-small-en-v1.5,sentence_window,440,full_success,1,28,314,exceeds,28,314,within
bge-small-en-v1.5__sentence_window,bge-small-en-v1.5,sentence_window,443,full_success,1,22,298,exceeds,22,298,within
bge-small-en-v1.5__sentence_window,bge-small-en-v1.5,sentence_window,452,mis_ranked,2,16,213,within,16,213,within
bge-small-en-v1.5__sentence_window,bge-small-en-v1.5,sentence_window,475,mis_ranked,1,20,250,within,20,250,within
bge-small-en-v1.5__sentence_window,bge-small-en-v1.5,sentence_window,478,full_success,1,41,196,within,41,196,within
bge-small-en-v1.5__sentence_window,bge-small-en-v1.5,sentence_window,48,full_success,1,25,425,exceeds,25,425,within
bge-small-en-v1.5__sentence_window,bge-small-en-v1.5,sentence_window,49,full_success,1,18,253,within,18,253,within
bge-small-en-v1.5__sentence_window,bge-small-en-v1.5,sentence_window,491,full_success,1,20,215,within,20,215,within
bge-small-en-v1.5__sentence_window,bge-small-en-v1.5,sentence_window,5,mis_ranked,1,15,425,exceeds,15,425,within
bge-small-en-v1.5__sentence_window,bge-small-en-v1.5,sentence_window,50,full_success,1,11,271,exceeds,11,271,within
bge-small-en-v1.5__sentence_window,bge-small-en-v1.5,sentence_window,501,full_success,1,11,452,exceeds,11,452,within
bge-small-en-v1.5__sentence_window,bge-small-en-v1.5,sentence_window,502,total_miss,1,22,791,exceeds,22,791,exceeds
bge-small-en-v1.5__sentence_window,bge-small-en-v1.5,sentence_window,507,mis_ranked,1,28,255,within,28,255,within
bge-small-en-v1.5__sentence_window,bge-small-en-v1.5,sentence_window,508,total_miss,1,19,238,within,19,238,within
bge-small-en-v1.5__sentence_window,bge-small-en-v1.5,sentence_window,51,full_success,1,14,238,within,14,238,within
bge-small-en-v1.5__sentence_window,bge-small-en-v1.5,sentence_window,513,mis_ranked,1,15,531,exceeds,15,531,exceeds
bge-small-en-v1.5__sentence_window,bge-small-en-v1.5,sentence_window,514,full_success,1,34,460,exceeds,34,460,within
bge-small-en-v1.5__sentence_window,bge-small-en-v1.5,sentence_window,516,full_success,1,28,849,exceeds,28,849,exceeds
bge-small-en-v1.5__sentence_window,bge-small-en-v1.5,sentence_window,517,total_miss,1,13,595,exceeds,13,595,exceeds
bge-small-en-v1.5__sentence_window,bge-small-en-v1.5,sentence_window,521,full_success,1,43,714,exceeds,43,714,exceeds
bge-small-en-v1.5__sentence_window,bge-small-en-v1.5,sentence_window,525,full_success,1,31,234,within,31,234,within
bge-small-en-v1.5__sentence_window,bge-small-en-v1.5,sentence_window,527,mis_ranked,1,41,282,exceeds,41,282,within
bge-small-en-v1.5__sentence_window,bge-small-en-v1.5,sentence_window,528,full_success,1,64,387,exceeds,64,387,within
bge-small-en-v1.5__sentence_window,bge-small-en-v1.5,sentence_window,53,full_success,1,17,238,within,17,238,within
bge-small-en-v1.5__sentence_window,bge-small-en-v1.5,sentence_window,532,full_success,1,23,537,exceeds,23,537,exceeds
bge-small-en-v1.5__sentence_window,bge-small-en-v1.5,sentence_window,533,full_success,1,23,537,exceeds,23,537,exceeds
bge-small-en-v1.5__sentence_window,bge-small-en-v1.5,sentence_window,535,mis_ranked,1,13,560,exceeds,13,560,exceeds
bge-small-en-v1.5__sentence_window,bge-small-en-v1.5,sentence_window,536,full_success,1,18,330,exceeds,18,330,within
bge-small-en-v1.5__sentence_window,bge-small-en-v1.5,sentence_window,539,full_success,1,14,685,exceeds,14,685,exceeds
bge-small-en-v1.5__sentence_window,bge-small-en-v1.5,sentence_window,54,full_success,1,23,314,exceeds,23,314,within
bge-small-en-v1.5__sentence_window,bge-small-en-v1.5,sentence_window,540,mis_ranked,2,22,350,exceeds,22,350,within
bge-small-en-v1.5__sentence_window,bge-small-en-v1.5,sentence_window,544,mis_ranked,1,20,366,exceeds,20,366,within
bge-small-en-v1.5__sentence_window,bge-small-en-v1.5,sentence_window,549,full_success,1,17,267,exceeds,17,267,within
bge-small-en-v1.5__sentence_window,bge-small-en-v1.5,sentence_window,551,mis_ranked,1,44,230,within,44,230,within
bge-small-en-v1.5__sentence_window,bge-small-en-v1.5,sentence_window,552,full_success,1,36,360,exceeds,36,360,within
bge-small-en-v1.5__sentence_window,bge-small-en-v1.5,sentence_window,554,mis_ranked,1,22,303,exceeds,22,303,within
bge-small-en-v1.5__sentence_window,bge-small-en-v1.5,sentence_window,56,full_success,1,32,306,exceeds,32,306,within
bge-small-en-v1.5__sentence_window,bge-small-en-v1.5,sentence_window,560,total_miss,1,21,337,exceeds,21,337,within
bge-small-en-v1.5__sentence_window,bge-small-en-v1.5,sentence_window,569,mis_ranked,1,14,317,exceeds,14,317,within
bge-small-en-v1.5__sentence_window,bge-small-en-v1.5,sentence_window,57,full_success,1,33,306,exceeds,33,306,within
bge-small-en-v1.5__sentence_window,bge-small-en-v1.5,sentence_window,575,mis_ranked,1,28,229,within,28,229,within
bge-small-en-v1.5__sentence_window,bge-small-en-v1.5,sentence_window,577,mis_ranked,1,37,174,within,37,174,within
bge-small-en-v1.5__sentence_window,bge-small-en-v1.5,sentence_window,578,full_success,1,28,389,exceeds,28,389,within
bge-small-en-v1.5__sentence_window,bge-small-en-v1.5,sentence_window,587,mis_ranked,1,41,256,within,41,256,within
bge-small-en-v1.5__sentence_window,bge-small-en-v1.5,sentence_window,589,full_success,1,28,652,exceeds,28,652,exceeds
bge-small-en-v1.5__sentence_window,bge-small-en-v1.5,sentence_window,593,full_success,1,15,405,exceeds,15,405,within
bge-small-en-v1.5__sentence_window,bge-small-en-v1.5,sentence_window,597,full_success,3,10,326,exceeds,10,326,within
bge-small-en-v1.5__sentence_window,bge-small-en-v1.5,sentence_window,598,full_success,1,26,326,exceeds,26,326,within
bge-small-en-v1.5__sentence_window,bge-small-en-v1.5,sentence_window,613,full_success,1,27,306,exceeds,27,306,within
bge-small-en-v1.5__sentence_window,bge-small-en-v1.5,sentence_window,619,total_miss,2,20,366,exceeds,20,366,within
bge-small-en-v1.5__sentence_window,bge-small-en-v1.5,sentence_window,623,mis_ranked,1,18,280,exceeds,18,280,within
bge-small-en-v1.5__sentence_window,bge-small-en-v1.5,sentence_window,628,mis_ranked,1,26,282,exceeds,26,282,within
bge-small-en-v1.5__sentence_window,bge-small-en-v1.5,sentence_window,636,full_success,1,40,353,exceeds,40,353,within
bge-small-en-v1.5__sentence_window,bge-small-en-v1.5,sentence_window,637,mis_ranked,1,17,244,within,17,244,within
bge-small-en-v1.5__sentence_window,bge-small-en-v1.5,sentence_window,641,full_success,2,14,527,exceeds,14,527,exceeds
bge-small-en-v1.5__sentence_window,bge-small-en-v1.5,sentence_window,644,full_success,1,10,859,exceeds,10,859,exceeds
bge-small-en-v1.5__sentence_window,bge-small-en-v1.5,sentence_window,649,full_success,1,20,382,exceeds,20,382,within
bge-small-en-v1.5__sentence_window,bge-small-en-v1.5,sentence_window,659,mis_ranked,1,20,285,exceeds,20,285,within
bge-small-en-v1.5__sentence_window,bge-small-en-v1.5,sentence_window,660,total_miss,1,17,285,exceeds,17,285,within
bge-small-en-v1.5__sentence_window,bge-small-en-v1.5,sentence_window,674,total_miss,1,17,550,exceeds,17,550,exceeds
bge-small-en-v1.5__sentence_window,bge-small-en-v1.5,sentence_window,684,mis_ranked,1,22,406,exceeds,22,406,within
bge-small-en-v1.5__sentence_window,bge-small-en-v1.5,sentence_window,690,total_miss,1,43,311,exceeds,43,311,within
bge-small-en-v1.5__sentence_window,bge-small-en-v1.5,sentence_window,691,mis_ranked,1,27,248,within,27,248,within
bge-small-en-v1.5__sentence_window,bge-small-en-v1.5,sentence_window,692,full_success,1,18,499,exceeds,18,499,within
bge-small-en-v1.5__sentence_window,bge-small-en-v1.5,sentence_window,693,full_success,1,18,499,exceeds,18,499,within
bge-small-en-v1.5__sentence_window,bge-small-en-v1.5,sentence_window,70,full_success,2,14,423,exceeds,14,423,within
bge-small-en-v1.5__sentence_window,bge-small-en-v1.5,sentence_window,700,full_success,1,20,335,exceeds,20,335,within
bge-small-en-v1.5__sentence_window,bge-small-en-v1.5,sentence_window,702,full_success,1,21,335,exceeds,21,335,within
bge-small-en-v1.5__sentence_window,bge-small-en-v1.5,sentence_window,715,total_miss,1,25,234,within,25,234,within
bge-small-en-v1.5__sentence_window,bge-small-en-v1.5,sentence_window,716,total_miss,1,18,234,within,18,234,within
bge-small-en-v1.5__sentence_window,bge-small-en-v1.5,sentence_window,718,full_success,1,22,273,exceeds,22,273,within
bge-small-en-v1.5__sentence_window,bge-small-en-v1.5,sentence_window,72,full_success,1,19,271,exceeds,19,271,within
bge-small-en-v1.5__sentence_window,bge-small-en-v1.5,sentence_window,721,full_success,1,28,250,within,28,250,within
bge-small-en-v1.5__sentence_window,bge-small-en-v1.5,sentence_window,723,full_success,1,24,251,within,24,251,within
bge-small-en-v1.5__sentence_window,bge-small-en-v1.5,sentence_window,727,mis_ranked,1,24,265,exceeds,24,265,within
bge-small-en-v1.5__sentence_window,bge-small-en-v1.5,sentence_window,728,full_success,2,23,388,exceeds,23,388,within
bge-small-en-v1.5__sentence_window,bge-small-en-v1.5,sentence_window,729,full_success,1,24,283,exceeds,24,283,within
bge-small-en-v1.5__sentence_window,bge-small-en-v1.5,sentence_window,742,full_success,1,17,400,exceeds,17,400,within
bge-small-en-v1.5__sentence_window,bge-small-en-v1.5,sentence_window,743,full_success,1,14,400,exceeds,14,400,within
bge-small-en-v1.5__sentence_window,bge-small-en-v1.5,sentence_window,744,full_success,1,26,240,within,26,240,within
bge-small-en-v1.5__sentence_window,bge-small-en-v1.5,sentence_window,75,mis_ranked,1,28,420,exceeds,28,420,within
bge-small-en-v1.5__sentence_window,bge-small-en-v1.5,sentence_window,756,mis_ranked,1,24,286,exceeds,24,286,within
bge-small-en-v1.5__sentence_window,bge-small-en-v1.5,sentence_window,759,full_success,1,32,612,exceeds,32,612,exceeds
bge-small-en-v1.5__sentence_window,bge-small-en-v1.5,sentence_window,768,mis_ranked,1,37,286,exceeds,37,286,within
bge-small-en-v1.5__sentence_window,bge-small-en-v1.5,sentence_window,770,full_success,1,42,778,exceeds,42,778,exceeds
bge-small-en-v1.5__sentence_window,bge-small-en-v1.5,sentence_window,775,mis_ranked,1,35,288,exceeds,35,288,within
bge-small-en-v1.5__sentence_window,bge-small-en-v1.5,sentence_window,781,mis_ranked,1,27,313,exceeds,27,313,within
bge-small-en-v1.5__sentence_window,bge-small-en-v1.5,sentence_window,783,mis_ranked,1,25,303,exceeds,25,303,within
bge-small-en-v1.5__sentence_window,bge-small-en-v1.5,sentence_window,784,full_success,1,24,264,exceeds,24,264,within
bge-small-en-v1.5__sentence_window,bge-small-en-v1.5,sentence_window,785,mis_ranked,1,32,546,exceeds,32,546,exceeds
bge-small-en-v1.5__sentence_window,bge-small-en-v1.5,sentence_window,793,full_success,1,16,142,within,16,142,within
bge-small-en-v1.5__sentence_window,bge-small-en-v1.5,sentence_window,800,mis_ranked,1,26,164,within,26,164,within
bge-small-en-v1.5__sentence_window,bge-small-en-v1.5,sentence_window,805,full_success,1,19,305,exceeds,19,305,within
bge-small-en-v1.5__sentence_window,bge-small-en-v1.5,sentence_window,808,full_success,1,14,198,within,14,198,within
bge-small-en-v1.5__sentence_window,bge-small-en-v1.5,sentence_window,811,full_success,1,24,394,exceeds,24,394,within
bge-small-en-v1.5__sentence_window,bge-small-en-v1.5,sentence_window,814,full_success,1,39,360,exceeds,39,360,within
bge-small-en-v1.5__sentence_window,bge-small-en-v1.5,sentence_window,820,total_miss,1,13,369,exceeds,13,369,within
bge-small-en-v1.5__sentence_window,bge-small-en-v1.5,sentence_window,821,total_miss,1,13,369,exceeds,13,369,within
bge-small-en-v1.5__sentence_window,bge-small-en-v1.5,sentence_window,823,full_success,1,19,719,exceeds,19,719,exceeds
bge-small-en-v1.5__sentence_window,bge-small-en-v1.5,sentence_window,830,mis_ranked,1,41,240,within,41,240,within
bge-small-en-v1.5__sentence_window,bge-small-en-v1.5,sentence_window,831,total_miss,1,31,240,within,31,240,within
bge-small-en-v1.5__sentence_window,bge-small-en-v1.5,sentence_window,832,full_success,1,17,284,exceeds,17,284,within
bge-small-en-v1.5__sentence_window,bge-small-en-v1.5,sentence_window,834,mis_ranked,1,22,253,within,22,253,within
bge-small-en-v1.5__sentence_window,bge-small-en-v1.5,sentence_window,837,full_success,1,17,332,exceeds,17,332,within
bge-small-en-v1.5__sentence_window,bge-small-en-v1.5,sentence_window,839,full_success,1,26,307,exceeds,26,307,within
bge-small-en-v1.5__sentence_window,bge-small-en-v1.5,sentence_window,845,mis_ranked,1,25,170,within,25,170,within
bge-small-en-v1.5__sentence_window,bge-small-en-v1.5,sentence_window,847,full_success,1,24,300,exceeds,24,300,within
bge-small-en-v1.5__sentence_window,bge-small-en-v1.5,sentence_window,852,mis_ranked,1,19,365,exceeds,19,365,within
bge-small-en-v1.5__sentence_window,bge-small-en-v1.5,sentence_window,859,mis_ranked,1,14,279,exceeds,14,279,within
bge-small-en-v1.5__sentence_window,bge-small-en-v1.5,sentence_window,870,mis_ranked,1,7,752,exceeds,7,752,exceeds
bge-small-en-v1.5__sentence_window,bge-small-en-v1.5,sentence_window,873,mis_ranked,5,10,485,exceeds,10,485,within
bge-small-en-v1.5__sentence_window,bge-small-en-v1.5,sentence_window,879,full_success,1,21,240,within,21,240,within
bge-small-en-v1.5__sentence_window,bge-small-en-v1.5,sentence_window,880,full_success,1,20,240,within,20,240,within
bge-small-en-v1.5__sentence_window,bge-small-en-v1.5,sentence_window,882,full_success,1,26,362,exceeds,26,362,within
bge-small-en-v1.5__sentence_window,bge-small-en-v1.5,sentence_window,887,total_miss,1,17,470,exceeds,17,470,within
bge-small-en-v1.5__sentence_window,bge-small-en-v1.5,sentence_window,903,full_success,1,18,288,exceeds,18,288,within
bge-small-en-v1.5__sentence_window,bge-small-en-v1.5,sentence_window,904,full_success,1,43,320,exceeds,43,320,within
bge-small-en-v1.5__sentence_window,bge-small-en-v1.5,sentence_window,907,full_success,1,23,130,within,23,130,within
bge-small-en-v1.5__sentence_window,bge-small-en-v1.5,sentence_window,911,full_success,1,27,572,exceeds,27,572,exceeds
bge-small-en-v1.5__sentence_window,bge-small-en-v1.5,sentence_window,913,mis_ranked,1,17,261,exceeds,17,261,within
bge-small-en-v1.5__sentence_window,bge-small-en-v1.5,sentence_window,914,mis_ranked,1,17,261,exceeds,17,261,within
bge-small-en-v1.5__sentence_window,bge-small-en-v1.5,sentence_window,921,full_success,1,13,523,exceeds,13,523,exceeds
bge-small-en-v1.5__sentence_window,bge-small-en-v1.5,sentence_window,922,full_success,1,15,402,exceeds,15,402,within
bge-small-en-v1.5__sentence_window,bge-small-en-v1.5,sentence_window,936,full_success,1,20,253,within,20,253,within
bge-small-en-v1.5__sentence_window,bge-small-en-v1.5,sentence_window,94,full_success,1,20,285,exceeds,20,285,within
bge-small-en-v1.5__sentence_window,bge-small-en-v1.5,sentence_window,956,full_success,1,26,200,within,26,200,within
bge-small-en-v1.5__sentence_window,bge-small-en-v1.5,sentence_window,957,full_success,1,15,277,exceeds,15,277,within
bge-small-en-v1.5__sentence_window,bge-small-en-v1.5,sentence_window,960,full_success,1,10,313,exceeds,10,313,within
bge-small-en-v1.5__sentence_window,bge-small-en-v1.5,sentence_window,967,full_success,2,26,324,exceeds,26,324,within
bge-small-en-v1.5__sentence_window,bge-small-en-v1.5,sentence_window,971,full_success,4,31,1149,exceeds,31,1149,exceeds
bge-small-en-v1.5__sentence_window,bge-small-en-v1.5,sentence_window,975,total_miss,1,20,318,exceeds,20,318,within
bge-small-en-v1.5__sentence_window,bge-small-en-v1.5,sentence_window,982,full_success,1,25,227,within,25,227,within
bge-small-en-v1.5__sentence_window,bge-small-en-v1.5,sentence_window,985,full_success,1,24,263,exceeds,24,263,within
bge-small-en-v1.5__sentence_window,bge-small-en-v1.5,sentence_window,99,full_success,1,18,340,exceeds,18,340,within
bge-small-en-v1.5__sentence_window,bge-small-en-v1.5,sentence_window,993,full_success,1,25,278,exceeds,25,278,within
bge-small-en-v1.5__whole_document,bge-small-en-v1.5,whole_document,1,mis_ranked,1,15,149,within,15,149,within
bge-small-en-v1.5__whole_document,bge-small-en-v1.5,whole_document,100,mis_ranked,1,17,385,exceeds,17,385,within
bge-small-en-v1.5__whole_document,bge-small-en-v1.5,whole_document,1012,full_success,1,21,461,exceeds,21,461,within
bge-small-en-v1.5__whole_document,bge-small-en-v1.5,whole_document,1014,full_success,1,19,210,within,19,210,within
bge-small-en-v1.5__whole_document,bge-small-en-v1.5,whole_document,1019,mis_ranked,1,17,421,exceeds,17,421,within
bge-small-en-v1.5__whole_document,bge-small-en-v1.5,whole_document,1020,mis_ranked,1,32,267,exceeds,32,267,within
bge-small-en-v1.5__whole_document,bge-small-en-v1.5,whole_document,1021,mis_ranked,1,32,267,exceeds,32,267,within
bge-small-en-v1.5__whole_document,bge-small-en-v1.5,whole_document,1024,mis_ranked,1,20,224,within,20,224,within
bge-small-en-v1.5__whole_document,bge-small-en-v1.5,whole_document,1029,full_success,3,33,369,exceeds,33,369,within
bge-small-en-v1.5__whole_document,bge-small-en-v1.5,whole_document,1041,mis_ranked,2,33,353,exceeds,33,353,within
bge-small-en-v1.5__whole_document,bge-small-en-v1.5,whole_document,1049,mis_ranked,1,18,239,within,18,239,within
bge-small-en-v1.5__whole_document,bge-small-en-v1.5,whole_document,1062,full_success,1,25,389,exceeds,25,389,within
bge-small-en-v1.5__whole_document,bge-small-en-v1.5,whole_document,1086,full_success,1,30,491,exceeds,30,491,within
bge-small-en-v1.5__whole_document,bge-small-en-v1.5,whole_document,1088,full_success,1,19,204,within,19,204,within
bge-small-en-v1.5__whole_document,bge-small-en-v1.5,whole_document,1089,full_success,1,30,371,exceeds,30,371,within
bge-small-en-v1.5__whole_document,bge-small-en-v1.5,whole_document,1099,mis_ranked,1,10,166,within,10,166,within
bge-small-en-v1.5__whole_document,bge-small-en-v1.5,whole_document,1100,mis_ranked,1,10,166,within,10,166,within
bge-small-en-v1.5__whole_document,bge-small-en-v1.5,whole_document,1104,full_success,1,35,904,exceeds,35,904,exceeds
bge-small-en-v1.5__whole_document,bge-small-en-v1.5,whole_document,1107,mis_ranked,1,16,181,within,16,181,within
bge-small-en-v1.5__whole_document,bge-small-en-v1.5,whole_document,1110,total_miss,1,14,1021,exceeds,14,1021,exceeds
bge-small-en-v1.5__whole_document,bge-small-en-v1.5,whole_document,1121,mis_ranked,1,26,403,exceeds,26,403,within
bge-small-en-v1.5__whole_document,bge-small-en-v1.5,whole_document,113,full_success,1,22,468,exceeds,22,468,within
bge-small-en-v1.5__whole_document,bge-small-en-v1.5,whole_document,1130,full_success,1,31,247,within,31,247,within
bge-small-en-v1.5__whole_document,bge-small-en-v1.5,whole_document,1132,mis_ranked,2,28,275,exceeds,28,275,within
bge-small-en-v1.5__whole_document,bge-small-en-v1.5,whole_document,1137,full_success,1,18,463,exceeds,18,463,within
bge-small-en-v1.5__whole_document,bge-small-en-v1.5,whole_document,1140,full_success,1,20,653,exceeds,20,653,exceeds
bge-small-en-v1.5__whole_document,bge-small-en-v1.5,whole_document,1144,full_success,1,23,531,exceeds,23,531,exceeds
bge-small-en-v1.5__whole_document,bge-small-en-v1.5,whole_document,1146,full_success,1,15,454,exceeds,15,454,within
bge-small-en-v1.5__whole_document,bge-small-en-v1.5,whole_document,115,full_success,1,16,318,exceeds,16,318,within
bge-small-en-v1.5__whole_document,bge-small-en-v1.5,whole_document,1150,full_success,1,25,238,within,25,238,within
bge-small-en-v1.5__whole_document,bge-small-en-v1.5,whole_document,1163,full_success,1,20,244,within,20,244,within
bge-small-en-v1.5__whole_document,bge-small-en-v1.5,whole_document,1175,total_miss,1,16,216,within,16,216,within
bge-small-en-v1.5__whole_document,bge-small-en-v1.5,whole_document,1179,total_miss,1,20,216,within,20,216,within
bge-small-en-v1.5__whole_document,bge-small-en-v1.5,whole_document,118,full_success,1,23,257,exceeds,23,257,within
bge-small-en-v1.5__whole_document,bge-small-en-v1.5,whole_document,1180,mis_ranked,1,16,216,within,16,216,within
bge-small-en-v1.5__whole_document,bge-small-en-v1.5,whole_document,1185,full_success,1,36,485,exceeds,36,485,within
bge-small-en-v1.5__whole_document,bge-small-en-v1.5,whole_document,1187,mis_ranked,1,36,349,exceeds,36,349,within
bge-small-en-v1.5__whole_document,bge-small-en-v1.5,whole_document,1191,total_miss,1,14,159,within,14,159,within
bge-small-en-v1.5__whole_document,bge-small-en-v1.5,whole_document,1194,full_success,1,32,264,exceeds,32,264,within
bge-small-en-v1.5__whole_document,bge-small-en-v1.5,whole_document,1196,mis_ranked,1,16,244,within,16,244,within
bge-small-en-v1.5__whole_document,bge-small-en-v1.5,whole_document,1197,mis_ranked,1,17,244,within,17,244,within
bge-small-en-v1.5__whole_document,bge-small-en-v1.5,whole_document,1199,total_miss,1,26,637,exceeds,26,637,exceeds
bge-small-en-v1.5__whole_document,bge-small-en-v1.5,whole_document,1200,mis_ranked,1,42,274,exceeds,42,274,within
bge-small-en-v1.5__whole_document,bge-small-en-v1.5,whole_document,1202,full_success,1,22,261,exceeds,22,261,within
bge-small-en-v1.5__whole_document,bge-small-en-v1.5,whole_document,1204,full_success,1,32,321,exceeds,32,321,within
bge-small-en-v1.5__whole_document,bge-small-en-v1.5,whole_document,1207,full_success,1,38,297,exceeds,38,297,within
bge-small-en-v1.5__whole_document,bge-small-en-v1.5,whole_document,1213,total_miss,1,21,599,exceeds,21,599,exceeds
bge-small-en-v1.5__whole_document,bge-small-en-v1.5,whole_document,1216,full_success,1,20,262,exceeds,20,262,within
bge-small-en-v1.5__whole_document,bge-small-en-v1.5,whole_document,1221,mis_ranked,1,24,296,exceeds,24,296,within
bge-small-en-v1.5__whole_document,bge-small-en-v1.5,whole_document,1225,full_success,1,19,287,exceeds,19,287,within
bge-small-en-v1.5__whole_document,bge-small-en-v1.5,whole_document,1226,total_miss,1,23,315,exceeds,23,315,within
bge-small-en-v1.5__whole_document,bge-small-en-v1.5,whole_document,1232,full_success,1,25,255,within,25,255,within
bge-small-en-v1.5__whole_document,bge-small-en-v1.5,whole_document,124,full_success,1,21,524,exceeds,21,524,exceeds
bge-small-en-v1.5__whole_document,bge-small-en-v1.5,whole_document,1241,full_success,1,20,416,exceeds,20,416,within
bge-small-en-v1.5__whole_document,bge-small-en-v1.5,whole_document,1245,full_success,1,15,324,exceeds,15,324,within
bge-small-en-v1.5__whole_document,bge-small-en-v1.5,whole_document,1259,full_success,1,35,708,exceeds,35,708,exceeds
bge-small-en-v1.5__whole_document,bge-small-en-v1.5,whole_document,1262,full_success,1,20,217,within,20,217,within
bge-small-en-v1.5__whole_document,bge-small-en-v1.5,whole_document,1266,full_success,1,35,511,exceeds,35,511,within
bge-small-en-v1.5__whole_document,bge-small-en-v1.5,whole_document,127,full_success,1,20,292,exceeds,20,292,within
bge-small-en-v1.5__whole_document,bge-small-en-v1.5,whole_document,1270,full_success,1,18,576,exceeds,18,576,exceeds
bge-small-en-v1.5__whole_document,bge-small-en-v1.5,whole_document,1271,full_success,1,31,523,exceeds,31,523,exceeds
bge-small-en-v1.5__whole_document,bge-small-en-v1.5,whole_document,1272,mis_ranked,1,23,177,within,23,177,within
bge-small-en-v1.5__whole_document,bge-small-en-v1.5,whole_document,1273,full_success,1,21,282,exceeds,21,282,within
bge-small-en-v1.5__whole_document,bge-small-en-v1.5,whole_document,1274,mis_ranked,3,44,335,exceeds,44,335,within
bge-small-en-v1.5__whole_document,bge-small-en-v1.5,whole_document,1278,full_success,1,23,234,within,23,234,within
bge-small-en-v1.5__whole_document,bge-small-en-v1.5,whole_document,1279,full_success,1,23,234,within,23,234,within
bge-small-en-v1.5__whole_document,bge-small-en-v1.5,whole_document,128,total_miss,1,16,366,exceeds,16,366,within
bge-small-en-v1.5__whole_document,bge-small-en-v1.5,whole_document,1280,mis_ranked,1,34,420,exceeds,34,420,within
bge-small-en-v1.5__whole_document,bge-small-en-v1.5,whole_document,1281,mis_ranked,1,19,420,exceeds,19,420,within
bge-small-en-v1.5__whole_document,bge-small-en-v1.5,whole_document,1282,full_success,1,28,399,exceeds,28,399,within
bge-small-en-v1.5__whole_document,bge-small-en-v1.5,whole_document,129,full_success,1,18,1363,exceeds,18,1363,exceeds
bge-small-en-v1.5__whole_document,bge-small-en-v1.5,whole_document,1290,full_success,1,15,627,exceeds,15,627,exceeds
bge-small-en-v1.5__whole_document,bge-small-en-v1.5,whole_document,1292,full_success,1,17,215,within,17,215,within
bge-small-en-v1.5__whole_document,bge-small-en-v1.5,whole_document,1298,full_success,1,35,516,exceeds,35,516,exceeds
bge-small-en-v1.5__whole_document,bge-small-en-v1.5,whole_document,13,total_miss,1,16,563,exceeds,16,563,exceeds
bge-small-en-v1.5__whole_document,bge-small-en-v1.5,whole_document,130,full_success,1,18,1363,exceeds,18,1363,exceeds
bge-small-en-v1.5__whole_document,bge-small-en-v1.5,whole_document,1303,full_success,1,15,297,exceeds,15,297,within
bge-small-en-v1.5__whole_document,bge-small-en-v1.5,whole_document,1316,mis_ranked,1,18,266,exceeds,18,266,within
bge-small-en-v1.5__whole_document,bge-small-en-v1.5,whole_document,1319,full_success,1,16,266,exceeds,16,266,within
bge-small-en-v1.5__whole_document,bge-small-en-v1.5,whole_document,132,mis_ranked,1,14,262,exceeds,14,262,within
bge-small-en-v1.5__whole_document,bge-small-en-v1.5,whole_document,1320,full_success,1,25,266,exceeds,25,266,within
bge-small-en-v1.5__whole_document,bge-small-en-v1.5,whole_document,133,full_success,5,49,480,exceeds,49,480,within
bge-small-en-v1.5__whole_document,bge-small-en-v1.5,whole_document,1332,total_miss,1,42,318,exceeds,42,318,within
bge-small-en-v1.5__whole_document,bge-small-en-v1.5,whole_document,1335,full_success,1,15,266,exceeds,15,266,within
bge-small-en-v1.5__whole_document,bge-small-en-v1.5,whole_document,1336,full_success,1,14,266,exceeds,14,266,within
bge-small-en-v1.5__whole_document,bge-small-en-v1.5,whole_document,1337,full_success,1,32,279,exceeds,32,279,within
bge-small-en-v1.5__whole_document,bge-small-en-v1.5,whole_document,1339,full_success,1,16,490,exceeds,16,490,within
bge-small-en-v1.5__whole_document,bge-small-en-v1.5,whole_document,1344,mis_ranked,1,37,159,within,37,159,within
bge-small-en-v1.5__whole_document,bge-small-en-v1.5,whole_document,1352,full_success,1,22,291,exceeds,22,291,within
bge-small-en-v1.5__whole_document,bge-small-en-v1.5,whole_document,1359,full_success,1,36,716,exceeds,36,716,exceeds
bge-small-en-v1.5__whole_document,bge-small-en-v1.5,whole_document,1362,total_miss,1,16,366,exceeds,16,366,within
bge-small-en-v1.5__whole_document,bge-small-en-v1.5,whole_document,1363,total_miss,1,18,366,exceeds,18,366,within
bge-small-en-v1.5__whole_document,bge-small-en-v1.5,whole_document,1368,full_success,1,11,432,exceeds,11,432,within
bge-small-en-v1.5__whole_document,bge-small-en-v1.5,whole_document,137,full_success,1,20,283,exceeds,20,283,within
bge-small-en-v1.5__whole_document,bge-small-en-v1.5,whole_document,1370,full_success,1,11,432,exceeds,11,432,within
bge-small-en-v1.5__whole_document,bge-small-en-v1.5,whole_document,1379,full_success,4,19,584,exceeds,19,584,exceeds
bge-small-en-v1.5__whole_document,bge-small-en-v1.5,whole_document,1382,full_success,1,17,237,within,17,237,within
bge-small-en-v1.5__whole_document,bge-small-en-v1.5,whole_document,1385,full_success,1,11,188,within,11,188,within
bge-small-en-v1.5__whole_document,bge-small-en-v1.5,whole_document,1389,full_success,1,18,224,within,18,224,within
bge-small-en-v1.5__whole_document,bge-small-en-v1.5,whole_document,1395,mis_ranked,1,36,266,exceeds,36,266,within
bge-small-en-v1.5__whole_document,bge-small-en-v1.5,whole_document,141,full_success,2,19,504,exceeds,19,504,within
bge-small-en-v1.5__whole_document,bge-small-en-v1.5,whole_document,142,full_success,1,39,738,exceeds,39,738,exceeds
bge-small-en-v1.5__whole_document,bge-small-en-v1.5,whole_document,143,full_success,1,36,738,exceeds,36,738,exceeds
bge-small-en-v1.5__whole_document,bge-small-en-v1.5,whole_document,146,full_success,1,34,738,exceeds,34,738,exceeds
bge-small-en-v1.5__whole_document,bge-small-en-v1.5,whole_document,148,full_success,1,10,270,exceeds,10,270,within
bge-small-en-v1.5__whole_document,bge-small-en-v1.5,whole_document,163,full_success,1,14,460,exceeds,14,460,within
bge-small-en-v1.5__whole_document,bge-small-en-v1.5,whole_document,171,full_success,1,26,323,exceeds,26,323,within
bge-small-en-v1.5__whole_document,bge-small-en-v1.5,whole_document,179,full_success,4,12,584,exceeds,12,584,exceeds
bge-small-en-v1.5__whole_document,bge-small-en-v1.5,whole_document,180,full_success,1,36,323,exceeds,36,323,within
bge-small-en-v1.5__whole_document,bge-small-en-v1.5,whole_document,183,full_success,1,13,265,exceeds,13,265,within
bge-small-en-v1.5__whole_document,bge-small-en-v1.5,whole_document,185,mis_ranked,1,12,516,exceeds,12,516,exceeds
bge-small-en-v1.5__whole_document,bge-small-en-v1.5,whole_document,198,total_miss,1,11,275,exceeds,11,275,within
bge-small-en-v1.5__whole_document,bge-small-en-v1.5,whole_document,208,full_success,1,12,361,exceeds,12,361,within
bge-small-en-v1.5__whole_document,bge-small-en-v1.5,whole_document,212,mis_ranked,1,11,289,exceeds,11,289,within
bge-small-en-v1.5__whole_document,bge-small-en-v1.5,whole_document,213,mis_ranked,1,26,601,exceeds,26,601,exceeds
bge-small-en-v1.5__whole_document,bge-small-en-v1.5,whole_document,216,full_success,1,18,356,exceeds,18,356,within
bge-small-en-v1.5__whole_document,bge-small-en-v1.5,whole_document,217,full_success,1,16,356,exceeds,16,356,within
bge-small-en-v1.5__whole_document,bge-small-en-v1.5,whole_document,218,full_success,1,17,356,exceeds,17,356,within
bge-small-en-v1.5__whole_document,bge-small-en-v1.5,whole_document,219,full_success,1,18,356,exceeds,18,356,within
bge-small-en-v1.5__whole_document,bge-small-en-v1.5,whole_document,230,full_success,1,22,482,exceeds,22,482,within
bge-small-en-v1.5__whole_document,bge-small-en-v1.5,whole_document,232,full_success,1,19,80,within,19,80,within
bge-small-en-v1.5__whole_document,bge-small-en-v1.5,whole_document,233,full_success,1,18,283,exceeds,18,283,within
bge-small-en-v1.5__whole_document,bge-small-en-v1.5,whole_document,236,full_success,1,17,283,exceeds,17,283,within
bge-small-en-v1.5__whole_document,bge-small-en-v1.5,whole_document,237,mis_ranked,1,22,406,exceeds,22,406,within
bge-small-en-v1.5__whole_document,bge-small-en-v1.5,whole_document,238,mis_ranked,1,14,96,within,14,96,within
bge-small-en-v1.5__whole_document,bge-small-en-v1.5,whole_document,239,mis_ranked,1,11,341,exceeds,11,341,within
bge-small-en-v1.5__whole_document,bge-small-en-v1.5,whole_document,248,full_success,1,16,218,within,16,218,within
bge-small-en-v1.5__whole_document,bge-small-en-v1.5,whole_document,249,full_success,1,16,218,within,16,218,within
bge-small-en-v1.5__whole_document,bge-small-en-v1.5,whole_document,261,mis_ranked,2,23,543,exceeds,23,543,exceeds
bge-small-en-v1.5__whole_document,bge-small-en-v1.5,whole_document,268,full_success,1,8,312,exceeds,8,312,within
bge-small-en-v1.5__whole_document,bge-small-en-v1.5,whole_document,269,full_success,1,8,312,exceeds,8,312,within
bge-small-en-v1.5__whole_document,bge-small-en-v1.5,whole_document,274,full_success,1,41,716,exceeds,41,716,exceeds
bge-small-en-v1.5__whole_document,bge-small-en-v1.5,whole_document,275,mis_ranked,3,30,510,exceeds,30,510,within
bge-small-en-v1.5__whole_document,bge-small-en-v1.5,whole_document,279,full_success,1,25,410,exceeds,25,410,within
bge-small-en-v1.5__whole_document,bge-small-en-v1.5,whole_document,294,mis_ranked,1,22,387,exceeds,22,387,within
bge-small-en-v1.5__whole_document,bge-small-en-v1.5,whole_document,295,mis_ranked,1,36,320,exceeds,36,320,within
bge-small-en-v1.5__whole_document,bge-small-en-v1.5,whole_document,298,mis_ranked,1,25,198,within,25,198,within
bge-small-en-v1.5__whole_document,bge-small-en-v1.5,whole_document,3,mis_ranked,1,28,354,exceeds,28,354,within
bge-small-en-v1.5__whole_document,bge-small-en-v1.5,whole_document,300,mis_ranked,1,43,352,exceeds,43,352,within
bge-small-en-v1.5__whole_document,bge-small-en-v1.5,whole_document,303,total_miss,1,25,283,exceeds,25,283,within
bge-small-en-v1.5__whole_document,bge-small-en-v1.5,whole_document,312,total_miss,1,21,476,exceeds,21,476,within
bge-small-en-v1.5__whole_document,bge-small-en-v1.5,whole_document,314,total_miss,1,34,325,exceeds,34,325,within
bge-small-en-v1.5__whole_document,bge-small-en-v1.5,whole_document,324,total_miss,1,14,282,exceeds,14,282,within
bge-small-en-v1.5__whole_document,bge-small-en-v1.5,whole_document,327,full_success,1,21,247,within,21,247,within
bge-small-en-v1.5__whole_document,bge-small-en-v1.5,whole_document,338,full_success,1,15,649,exceeds,15,649,exceeds
bge-small-en-v1.5__whole_document,bge-small-en-v1.5,whole_document,343,full_success,2,25,481,exceeds,25,481,within
bge-small-en-v1.5__whole_document,bge-small-en-v1.5,whole_document,350,full_success,1,23,203,within,23,203,within
bge-small-en-v1.5__whole_document,bge-small-en-v1.5,whole_document,354,full_success,1,26,271,exceeds,26,271,within
bge-small-en-v1.5__whole_document,bge-small-en-v1.5,whole_document,36,mis_ranked,2,17,451,exceeds,17,451,within
bge-small-en-v1.5__whole_document,bge-small-en-v1.5,whole_document,362,mis_ranked,1,36,304,exceeds,36,304,within
bge-small-en-v1.5__whole_document,bge-small-en-v1.5,whole_document,380,mis_ranked,1,18,216,within,18,216,within
bge-small-en-v1.5__whole_document,bge-small-en-v1.5,whole_document,384,full_success,1,23,1021,exceeds,23,1021,exceeds
bge-small-en-v1.5__whole_document,bge-small-en-v1.5,whole_document,385,mis_ranked,2,25,406,exceeds,25,406,within
bge-small-en-v1.5__whole_document,bge-small-en-v1.5,whole_document,386,full_success,1,22,244,within,22,244,within
bge-small-en-v1.5__whole_document,bge-small-en-v1.5,whole_document,388,full_success,1,13,252,within,13,252,within
bge-small-en-v1.5__whole_document,bge-small-en-v1.5,whole_document,399,full_success,1,15,463,exceeds,15,463,within
bge-small-en-v1.5__whole_document,bge-small-en-v1.5,whole_document,410,full_success,1,16,170,within,16,170,within
bge-small-en-v1.5__whole_document,bge-small-en-v1.5,whole_document,411,full_success,1,16,170,within,16,170,within
bge-small-en-v1.5__whole_document,bge-small-en-v1.5,whole_document,415,mis_ranked,1,26,579,exceeds,26,579,exceeds
bge-small-en-v1.5__whole_document,bge-small-en-v1.5,whole_document,42,full_success,1,33,702,exceeds,33,702,exceeds
bge-small-en-v1.5__whole_document,bge-small-en-v1.5,whole_document,421,total_miss,1,22,213,within,22,213,within
bge-small-en-v1.5__whole_document,bge-small-en-v1.5,whole_document,431,mis_ranked,1,23,238,within,23,238,within
bge-small-en-v1.5__whole_document,bge-small-en-v1.5,whole_document,436,full_success,1,22,294,exceeds,22,294,within
bge-small-en-v1.5__whole_document,bge-small-en-v1.5,whole_document,437,total_miss,1,32,272,exceeds,32,272,within
bge-small-en-v1.5__whole_document,bge-small-en-v1.5,whole_document,439,full_success,1,29,314,exceeds,29,314,within
bge-small-en-v1.5__whole_document,bge-small-en-v1.5,whole_document,440,full_success,1,28,314,exceeds,28,314,within
bge-small-en-v1.5__whole_document,bge-small-en-v1.5,whole_document,443,full_success,1,22,298,exceeds,22,298,within
bge-small-en-v1.5__whole_document,bge-small-en-v1.5,whole_document,452,mis_ranked,2,16,213,within,16,213,within
bge-small-en-v1.5__whole_document,bge-small-en-v1.5,whole_document,475,mis_ranked,1,20,250,within,20,250,within
bge-small-en-v1.5__whole_document,bge-small-en-v1.5,whole_document,478,full_success,1,41,196,within,41,196,within
bge-small-en-v1.5__whole_document,bge-small-en-v1.5,whole_document,48,mis_ranked,1,25,425,exceeds,25,425,within
bge-small-en-v1.5__whole_document,bge-small-en-v1.5,whole_document,49,full_success,1,18,253,within,18,253,within
bge-small-en-v1.5__whole_document,bge-small-en-v1.5,whole_document,491,full_success,1,20,215,within,20,215,within
bge-small-en-v1.5__whole_document,bge-small-en-v1.5,whole_document,5,mis_ranked,1,15,425,exceeds,15,425,within
bge-small-en-v1.5__whole_document,bge-small-en-v1.5,whole_document,50,full_success,1,11,271,exceeds,11,271,within
bge-small-en-v1.5__whole_document,bge-small-en-v1.5,whole_document,501,full_success,1,11,452,exceeds,11,452,within
bge-small-en-v1.5__whole_document,bge-small-en-v1.5,whole_document,502,total_miss,1,22,791,exceeds,22,791,exceeds
bge-small-en-v1.5__whole_document,bge-small-en-v1.5,whole_document,507,mis_ranked,1,28,255,within,28,255,within
bge-small-en-v1.5__whole_document,bge-small-en-v1.5,whole_document,508,total_miss,1,19,238,within,19,238,within
bge-small-en-v1.5__whole_document,bge-small-en-v1.5,whole_document,51,full_success,1,14,238,within,14,238,within
bge-small-en-v1.5__whole_document,bge-small-en-v1.5,whole_document,513,mis_ranked,1,15,531,exceeds,15,531,exceeds
bge-small-en-v1.5__whole_document,bge-small-en-v1.5,whole_document,514,full_success,1,34,460,exceeds,34,460,within
bge-small-en-v1.5__whole_document,bge-small-en-v1.5,whole_document,516,full_success,1,28,849,exceeds,28,849,exceeds
bge-small-en-v1.5__whole_document,bge-small-en-v1.5,whole_document,517,mis_ranked,1,13,595,exceeds,13,595,exceeds
bge-small-en-v1.5__whole_document,bge-small-en-v1.5,whole_document,521,full_success,1,43,714,exceeds,43,714,exceeds
bge-small-en-v1.5__whole_document,bge-small-en-v1.5,whole_document,525,full_success,1,31,234,within,31,234,within
bge-small-en-v1.5__whole_document,bge-small-en-v1.5,whole_document,527,mis_ranked,1,41,282,exceeds,41,282,within
bge-small-en-v1.5__whole_document,bge-small-en-v1.5,whole_document,528,full_success,1,64,387,exceeds,64,387,within
bge-small-en-v1.5__whole_document,bge-small-en-v1.5,whole_document,53,full_success,1,17,238,within,17,238,within
bge-small-en-v1.5__whole_document,bge-small-en-v1.5,whole_document,532,full_success,1,23,537,exceeds,23,537,exceeds
bge-small-en-v1.5__whole_document,bge-small-en-v1.5,whole_document,533,full_success,1,23,537,exceeds,23,537,exceeds
bge-small-en-v1.5__whole_document,bge-small-en-v1.5,whole_document,535,full_success,1,13,560,exceeds,13,560,exceeds
bge-small-en-v1.5__whole_document,bge-small-en-v1.5,whole_document,536,full_success,1,18,330,exceeds,18,330,within
bge-small-en-v1.5__whole_document,bge-small-en-v1.5,whole_document,539,full_success,1,14,685,exceeds,14,685,exceeds
bge-small-en-v1.5__whole_document,bge-small-en-v1.5,whole_document,54,full_success,1,23,314,exceeds,23,314,within
bge-small-en-v1.5__whole_document,bge-small-en-v1.5,whole_document,540,mis_ranked,2,22,350,exceeds,22,350,within
bge-small-en-v1.5__whole_document,bge-small-en-v1.5,whole_document,544,mis_ranked,1,20,366,exceeds,20,366,within
bge-small-en-v1.5__whole_document,bge-small-en-v1.5,whole_document,549,full_success,1,17,267,exceeds,17,267,within
bge-small-en-v1.5__whole_document,bge-small-en-v1.5,whole_document,551,mis_ranked,1,44,230,within,44,230,within
bge-small-en-v1.5__whole_document,bge-small-en-v1.5,whole_document,552,full_success,1,36,360,exceeds,36,360,within
bge-small-en-v1.5__whole_document,bge-small-en-v1.5,whole_document,554,mis_ranked,1,22,303,exceeds,22,303,within
bge-small-en-v1.5__whole_document,bge-small-en-v1.5,whole_document,56,full_success,1,32,306,exceeds,32,306,within
bge-small-en-v1.5__whole_document,bge-small-en-v1.5,whole_document,560,total_miss,1,21,337,exceeds,21,337,within
bge-small-en-v1.5__whole_document,bge-small-en-v1.5,whole_document,569,mis_ranked,1,14,317,exceeds,14,317,within
bge-small-en-v1.5__whole_document,bge-small-en-v1.5,whole_document,57,full_success,1,33,306,exceeds,33,306,within
bge-small-en-v1.5__whole_document,bge-small-en-v1.5,whole_document,575,full_success,1,28,229,within,28,229,within
bge-small-en-v1.5__whole_document,bge-small-en-v1.5,whole_document,577,mis_ranked,1,37,174,within,37,174,within
bge-small-en-v1.5__whole_document,bge-small-en-v1.5,whole_document,578,full_success,1,28,389,exceeds,28,389,within
bge-small-en-v1.5__whole_document,bge-small-en-v1.5,whole_document,587,mis_ranked,1,41,256,within,41,256,within
bge-small-en-v1.5__whole_document,bge-small-en-v1.5,whole_document,589,full_success,1,28,652,exceeds,28,652,exceeds
bge-small-en-v1.5__whole_document,bge-small-en-v1.5,whole_document,593,full_success,1,15,405,exceeds,15,405,within
bge-small-en-v1.5__whole_document,bge-small-en-v1.5,whole_document,597,full_success,3,10,326,exceeds,10,326,within
bge-small-en-v1.5__whole_document,bge-small-en-v1.5,whole_document,598,full_success,1,26,326,exceeds,26,326,within
bge-small-en-v1.5__whole_document,bge-small-en-v1.5,whole_document,613,full_success,1,27,306,exceeds,27,306,within
bge-small-en-v1.5__whole_document,bge-small-en-v1.5,whole_document,619,total_miss,2,20,366,exceeds,20,366,within
bge-small-en-v1.5__whole_document,bge-small-en-v1.5,whole_document,623,mis_ranked,1,18,280,exceeds,18,280,within
bge-small-en-v1.5__whole_document,bge-small-en-v1.5,whole_document,628,full_success,1,26,282,exceeds,26,282,within
bge-small-en-v1.5__whole_document,bge-small-en-v1.5,whole_document,636,full_success,1,40,353,exceeds,40,353,within
bge-small-en-v1.5__whole_document,bge-small-en-v1.5,whole_document,637,mis_ranked,1,17,244,within,17,244,within
bge-small-en-v1.5__whole_document,bge-small-en-v1.5,whole_document,641,full_success,2,14,527,exceeds,14,527,exceeds
bge-small-en-v1.5__whole_document,bge-small-en-v1.5,whole_document,644,full_success,1,10,859,exceeds,10,859,exceeds
bge-small-en-v1.5__whole_document,bge-small-en-v1.5,whole_document,649,full_success,1,20,382,exceeds,20,382,within
bge-small-en-v1.5__whole_document,bge-small-en-v1.5,whole_document,659,mis_ranked,1,20,285,exceeds,20,285,within
bge-small-en-v1.5__whole_document,bge-small-en-v1.5,whole_document,660,total_miss,1,17,285,exceeds,17,285,within
bge-small-en-v1.5__whole_document,bge-small-en-v1.5,whole_document,674,total_miss,1,17,550,exceeds,17,550,exceeds
bge-small-en-v1.5__whole_document,bge-small-en-v1.5,whole_document,684,mis_ranked,1,22,406,exceeds,22,406,within
bge-small-en-v1.5__whole_document,bge-small-en-v1.5,whole_document,690,total_miss,1,43,311,exceeds,43,311,within
bge-small-en-v1.5__whole_document,bge-small-en-v1.5,whole_document,691,mis_ranked,1,27,248,within,27,248,within
bge-small-en-v1.5__whole_document,bge-small-en-v1.5,whole_document,692,full_success,1,18,499,exceeds,18,499,within
bge-small-en-v1.5__whole_document,bge-small-en-v1.5,whole_document,693,full_success,1,18,499,exceeds,18,499,within
bge-small-en-v1.5__whole_document,bge-small-en-v1.5,whole_document,70,full_success,2,14,423,exceeds,14,423,within
bge-small-en-v1.5__whole_document,bge-small-en-v1.5,whole_document,700,full_success,1,20,335,exceeds,20,335,within
bge-small-en-v1.5__whole_document,bge-small-en-v1.5,whole_document,702,full_success,1,21,335,exceeds,21,335,within
bge-small-en-v1.5__whole_document,bge-small-en-v1.5,whole_document,715,total_miss,1,25,234,within,25,234,within
bge-small-en-v1.5__whole_document,bge-small-en-v1.5,whole_document,716,total_miss,1,18,234,within,18,234,within
bge-small-en-v1.5__whole_document,bge-small-en-v1.5,whole_document,718,full_success,1,22,273,exceeds,22,273,within
bge-small-en-v1.5__whole_document,bge-small-en-v1.5,whole_document,72,full_success,1,19,271,exceeds,19,271,within
bge-small-en-v1.5__whole_document,bge-small-en-v1.5,whole_document,721,full_success,1,28,250,within,28,250,within
bge-small-en-v1.5__whole_document,bge-small-en-v1.5,whole_document,723,full_success,1,24,251,within,24,251,within
bge-small-en-v1.5__whole_document,bge-small-en-v1.5,whole_document,727,mis_ranked,1,24,265,exceeds,24,265,within
bge-small-en-v1.5__whole_document,bge-small-en-v1.5,whole_document,728,full_success,2,23,388,exceeds,23,388,within
bge-small-en-v1.5__whole_document,bge-small-en-v1.5,whole_document,729,full_success,1,24,283,exceeds,24,283,within
bge-small-en-v1.5__whole_document,bge-small-en-v1.5,whole_document,742,full_success,1,17,400,exceeds,17,400,within
bge-small-en-v1.5__whole_document,bge-small-en-v1.5,whole_document,743,full_success,1,14,400,exceeds,14,400,within
bge-small-en-v1.5__whole_document,bge-small-en-v1.5,whole_document,744,mis_ranked,1,26,240,within,26,240,within
bge-small-en-v1.5__whole_document,bge-small-en-v1.5,whole_document,75,full_success,1,28,420,exceeds,28,420,within
bge-small-en-v1.5__whole_document,bge-small-en-v1.5,whole_document,756,mis_ranked,1,24,286,exceeds,24,286,within
bge-small-en-v1.5__whole_document,bge-small-en-v1.5,whole_document,759,full_success,1,32,612,exceeds,32,612,exceeds
bge-small-en-v1.5__whole_document,bge-small-en-v1.5,whole_document,768,total_miss,1,37,286,exceeds,37,286,within
bge-small-en-v1.5__whole_document,bge-small-en-v1.5,whole_document,770,full_success,1,42,778,exceeds,42,778,exceeds
bge-small-en-v1.5__whole_document,bge-small-en-v1.5,whole_document,775,mis_ranked,1,35,288,exceeds,35,288,within
bge-small-en-v1.5__whole_document,bge-small-en-v1.5,whole_document,781,full_success,1,27,313,exceeds,27,313,within
bge-small-en-v1.5__whole_document,bge-small-en-v1.5,whole_document,783,mis_ranked,1,25,303,exceeds,25,303,within
bge-small-en-v1.5__whole_document,bge-small-en-v1.5,whole_document,784,full_success,1,24,264,exceeds,24,264,within
bge-small-en-v1.5__whole_document,bge-small-en-v1.5,whole_document,785,mis_ranked,1,32,546,exceeds,32,546,exceeds
bge-small-en-v1.5__whole_document,bge-small-en-v1.5,whole_document,793,mis_ranked,1,16,142,within,16,142,within
bge-small-en-v1.5__whole_document,bge-small-en-v1.5,whole_document,800,mis_ranked,1,26,164,within,26,164,within
bge-small-en-v1.5__whole_document,bge-small-en-v1.5,whole_document,805,full_success,1,19,305,exceeds,19,305,within
bge-small-en-v1.5__whole_document,bge-small-en-v1.5,whole_document,808,full_success,1,14,198,within,14,198,within
bge-small-en-v1.5__whole_document,bge-small-en-v1.5,whole_document,811,full_success,1,24,394,exceeds,24,394,within
bge-small-en-v1.5__whole_document,bge-small-en-v1.5,whole_document,814,full_success,1,39,360,exceeds,39,360,within
bge-small-en-v1.5__whole_document,bge-small-en-v1.5,whole_document,820,total_miss,1,13,369,exceeds,13,369,within
bge-small-en-v1.5__whole_document,bge-small-en-v1.5,whole_document,821,total_miss,1,13,369,exceeds,13,369,within
bge-small-en-v1.5__whole_document,bge-small-en-v1.5,whole_document,823,full_success,1,19,719,exceeds,19,719,exceeds
bge-small-en-v1.5__whole_document,bge-small-en-v1.5,whole_document,830,mis_ranked,1,41,240,within,41,240,within
bge-small-en-v1.5__whole_document,bge-small-en-v1.5,whole_document,831,total_miss,1,31,240,within,31,240,within
bge-small-en-v1.5__whole_document,bge-small-en-v1.5,whole_document,832,full_success,1,17,284,exceeds,17,284,within
bge-small-en-v1.5__whole_document,bge-small-en-v1.5,whole_document,834,total_miss,1,22,253,within,22,253,within
bge-small-en-v1.5__whole_document,bge-small-en-v1.5,whole_document,837,mis_ranked,1,17,332,exceeds,17,332,within
bge-small-en-v1.5__whole_document,bge-small-en-v1.5,whole_document,839,full_success,1,26,307,exceeds,26,307,within
bge-small-en-v1.5__whole_document,bge-small-en-v1.5,whole_document,845,mis_ranked,1,25,170,within,25,170,within
bge-small-en-v1.5__whole_document,bge-small-en-v1.5,whole_document,847,full_success,1,24,300,exceeds,24,300,within
bge-small-en-v1.5__whole_document,bge-small-en-v1.5,whole_document,852,mis_ranked,1,19,365,exceeds,19,365,within
bge-small-en-v1.5__whole_document,bge-small-en-v1.5,whole_document,859,mis_ranked,1,14,279,exceeds,14,279,within
bge-small-en-v1.5__whole_document,bge-small-en-v1.5,whole_document,870,mis_ranked,1,7,752,exceeds,7,752,exceeds
bge-small-en-v1.5__whole_document,bge-small-en-v1.5,whole_document,873,mis_ranked,5,10,485,exceeds,10,485,within
bge-small-en-v1.5__whole_document,bge-small-en-v1.5,whole_document,879,full_success,1,21,240,within,21,240,within
bge-small-en-v1.5__whole_document,bge-small-en-v1.5,whole_document,880,full_success,1,20,240,within,20,240,within
bge-small-en-v1.5__whole_document,bge-small-en-v1.5,whole_document,882,full_success,1,26,362,exceeds,26,362,within
bge-small-en-v1.5__whole_document,bge-small-en-v1.5,whole_document,887,total_miss,1,17,470,exceeds,17,470,within
bge-small-en-v1.5__whole_document,bge-small-en-v1.5,whole_document,903,full_success,1,18,288,exceeds,18,288,within
bge-small-en-v1.5__whole_document,bge-small-en-v1.5,whole_document,904,full_success,1,43,320,exceeds,43,320,within
bge-small-en-v1.5__whole_document,bge-small-en-v1.5,whole_document,907,full_success,1,23,130,within,23,130,within
bge-small-en-v1.5__whole_document,bge-small-en-v1.5,whole_document,911,full_success,1,27,572,exceeds,27,572,exceeds
bge-small-en-v1.5__whole_document,bge-small-en-v1.5,whole_document,913,total_miss,1,17,261,exceeds,17,261,within
bge-small-en-v1.5__whole_document,bge-small-en-v1.5,whole_document,914,mis_ranked,1,17,261,exceeds,17,261,within
bge-small-en-v1.5__whole_document,bge-small-en-v1.5,whole_document,921,full_success,1,13,523,exceeds,13,523,exceeds
bge-small-en-v1.5__whole_document,bge-small-en-v1.5,whole_document,922,full_success,1,15,402,exceeds,15,402,within
bge-small-en-v1.5__whole_document,bge-small-en-v1.5,whole_document,936,full_success,1,20,253,within,20,253,within
bge-small-en-v1.5__whole_document,bge-small-en-v1.5,whole_document,94,full_success,1,20,285,exceeds,20,285,within
bge-small-en-v1.5__whole_document,bge-small-en-v1.5,whole_document,956,full_success,1,26,200,within,26,200,within
bge-small-en-v1.5__whole_document,bge-small-en-v1.5,whole_document,957,full_success,1,15,277,exceeds,15,277,within
bge-small-en-v1.5__whole_document,bge-small-en-v1.5,whole_document,960,full_success,1,10,313,exceeds,10,313,within
bge-small-en-v1.5__whole_document,bge-small-en-v1.5,whole_document,967,full_success,2,26,324,exceeds,26,324,within
bge-small-en-v1.5__whole_document,bge-small-en-v1.5,whole_document,971,full_success,4,31,1149,exceeds,31,1149,exceeds
bge-small-en-v1.5__whole_document,bge-small-en-v1.5,whole_document,975,total_miss,1,20,318,exceeds,20,318,within
bge-small-en-v1.5__whole_document,bge-small-en-v1.5,whole_document,982,full_success,1,25,227,within,25,227,within
bge-small-en-v1.5__whole_document,bge-small-en-v1.5,whole_document,985,full_success,1,24,263,exceeds,24,263,within
bge-small-en-v1.5__whole_document,bge-small-en-v1.5,whole_document,99,mis_ranked,1,18,340,exceeds,18,340,within
bge-small-en-v1.5__whole_document,bge-small-en-v1.5,whole_document,993,full_success,1,25,278,exceeds,25,278,within
bm25__fixed_window,bm25,fixed_window,1,total_miss,1,15,149,within,15,149,within
bm25__fixed_window,bm25,fixed_window,100,full_success,1,17,385,exceeds,17,385,within
bm25__fixed_window,bm25,fixed_window,1012,full_success,1,21,461,exceeds,21,461,within
bm25__fixed_window,bm25,fixed_window,1014,full_success,1,19,210,within,19,210,within
bm25__fixed_window,bm25,fixed_window,1019,mis_ranked,1,17,421,exceeds,17,421,within
bm25__fixed_window,bm25,fixed_window,1020,full_success,1,32,267,exceeds,32,267,within
bm25__fixed_window,bm25,fixed_window,1021,full_success,1,32,267,exceeds,32,267,within
bm25__fixed_window,bm25,fixed_window,1024,full_success,1,20,224,within,20,224,within
bm25__fixed_window,bm25,fixed_window,1029,partial_recall,3,33,369,exceeds,33,369,within
bm25__fixed_window,bm25,fixed_window,1041,mis_ranked,2,33,353,exceeds,33,353,within
bm25__fixed_window,bm25,fixed_window,1049,total_miss,1,18,239,within,18,239,within
bm25__fixed_window,bm25,fixed_window,1062,full_success,1,25,389,exceeds,25,389,within
bm25__fixed_window,bm25,fixed_window,1086,full_success,1,30,491,exceeds,30,491,within
bm25__fixed_window,bm25,fixed_window,1088,total_miss,1,19,204,within,19,204,within
bm25__fixed_window,bm25,fixed_window,1089,full_success,1,30,371,exceeds,30,371,within
bm25__fixed_window,bm25,fixed_window,1099,mis_ranked,1,10,166,within,10,166,within
bm25__fixed_window,bm25,fixed_window,1100,mis_ranked,1,10,166,within,10,166,within
bm25__fixed_window,bm25,fixed_window,1104,full_success,1,35,904,exceeds,35,904,exceeds
bm25__fixed_window,bm25,fixed_window,1107,full_success,1,16,181,within,16,181,within
bm25__fixed_window,bm25,fixed_window,1110,total_miss,1,14,1021,exceeds,14,1021,exceeds
bm25__fixed_window,bm25,fixed_window,1121,mis_ranked,1,26,403,exceeds,26,403,within
bm25__fixed_window,bm25,fixed_window,113,full_success,1,22,468,exceeds,22,468,within
bm25__fixed_window,bm25,fixed_window,1130,full_success,1,31,247,within,31,247,within
bm25__fixed_window,bm25,fixed_window,1132,mis_ranked,2,28,275,exceeds,28,275,within
bm25__fixed_window,bm25,fixed_window,1137,full_success,1,18,463,exceeds,18,463,within
bm25__fixed_window,bm25,fixed_window,1140,mis_ranked,1,20,653,exceeds,20,653,exceeds
bm25__fixed_window,bm25,fixed_window,1144,full_success,1,23,531,exceeds,23,531,exceeds
bm25__fixed_window,bm25,fixed_window,1146,full_success,1,15,454,exceeds,15,454,within
bm25__fixed_window,bm25,fixed_window,115,full_success,1,16,318,exceeds,16,318,within
bm25__fixed_window,bm25,fixed_window,1150,full_success,1,25,238,within,25,238,within
bm25__fixed_window,bm25,fixed_window,1163,full_success,1,20,244,within,20,244,within
bm25__fixed_window,bm25,fixed_window,1175,total_miss,1,16,216,within,16,216,within
bm25__fixed_window,bm25,fixed_window,1179,mis_ranked,1,20,216,within,20,216,within
bm25__fixed_window,bm25,fixed_window,118,full_success,1,23,257,exceeds,23,257,within
bm25__fixed_window,bm25,fixed_window,1180,mis_ranked,1,16,216,within,16,216,within
bm25__fixed_window,bm25,fixed_window,1185,full_success,1,36,485,exceeds,36,485,within
bm25__fixed_window,bm25,fixed_window,1187,full_success,1,36,349,exceeds,36,349,within
bm25__fixed_window,bm25,fixed_window,1191,total_miss,1,14,159,within,14,159,within
bm25__fixed_window,bm25,fixed_window,1194,mis_ranked,1,32,264,exceeds,32,264,within
bm25__fixed_window,bm25,fixed_window,1196,total_miss,1,16,244,within,16,244,within
bm25__fixed_window,bm25,fixed_window,1197,total_miss,1,17,244,within,17,244,within
bm25__fixed_window,bm25,fixed_window,1199,total_miss,1,26,637,exceeds,26,637,exceeds
bm25__fixed_window,bm25,fixed_window,1200,total_miss,1,42,274,exceeds,42,274,within
bm25__fixed_window,bm25,fixed_window,1202,full_success,1,22,261,exceeds,22,261,within
bm25__fixed_window,bm25,fixed_window,1204,full_success,1,32,321,exceeds,32,321,within
bm25__fixed_window,bm25,fixed_window,1207,mis_ranked,1,38,297,exceeds,38,297,within
bm25__fixed_window,bm25,fixed_window,1213,total_miss,1,21,599,exceeds,21,599,exceeds
bm25__fixed_window,bm25,fixed_window,1216,full_success,1,20,262,exceeds,20,262,within
bm25__fixed_window,bm25,fixed_window,1221,total_miss,1,24,296,exceeds,24,296,within
bm25__fixed_window,bm25,fixed_window,1225,full_success,1,19,287,exceeds,19,287,within
bm25__fixed_window,bm25,fixed_window,1226,total_miss,1,23,315,exceeds,23,315,within
bm25__fixed_window,bm25,fixed_window,1232,full_success,1,25,255,within,25,255,within
bm25__fixed_window,bm25,fixed_window,124,full_success,1,21,524,exceeds,21,524,exceeds
bm25__fixed_window,bm25,fixed_window,1241,total_miss,1,20,416,exceeds,20,416,within
bm25__fixed_window,bm25,fixed_window,1245,mis_ranked,1,15,324,exceeds,15,324,within
bm25__fixed_window,bm25,fixed_window,1259,mis_ranked,1,35,708,exceeds,35,708,exceeds
bm25__fixed_window,bm25,fixed_window,1262,full_success,1,20,217,within,20,217,within
bm25__fixed_window,bm25,fixed_window,1266,full_success,1,35,511,exceeds,35,511,within
bm25__fixed_window,bm25,fixed_window,127,mis_ranked,1,20,292,exceeds,20,292,within
bm25__fixed_window,bm25,fixed_window,1270,full_success,1,18,576,exceeds,18,576,exceeds
bm25__fixed_window,bm25,fixed_window,1271,full_success,1,31,523,exceeds,31,523,exceeds
bm25__fixed_window,bm25,fixed_window,1272,mis_ranked,1,23,177,within,23,177,within
bm25__fixed_window,bm25,fixed_window,1273,full_success,1,21,282,exceeds,21,282,within
bm25__fixed_window,bm25,fixed_window,1274,mis_ranked,3,44,335,exceeds,44,335,within
bm25__fixed_window,bm25,fixed_window,1278,total_miss,1,23,234,within,23,234,within
bm25__fixed_window,bm25,fixed_window,1279,total_miss,1,23,234,within,23,234,within
bm25__fixed_window,bm25,fixed_window,128,full_success,1,16,366,exceeds,16,366,within
bm25__fixed_window,bm25,fixed_window,1280,total_miss,1,34,420,exceeds,34,420,within
bm25__fixed_window,bm25,fixed_window,1281,total_miss,1,19,420,exceeds,19,420,within
bm25__fixed_window,bm25,fixed_window,1282,mis_ranked,1,28,399,exceeds,28,399,within
bm25__fixed_window,bm25,fixed_window,129,full_success,1,18,1363,exceeds,18,1363,exceeds
bm25__fixed_window,bm25,fixed_window,1290,full_success,1,15,627,exceeds,15,627,exceeds
bm25__fixed_window,bm25,fixed_window,1292,full_success,1,17,215,within,17,215,within
bm25__fixed_window,bm25,fixed_window,1298,full_success,1,35,516,exceeds,35,516,exceeds
bm25__fixed_window,bm25,fixed_window,13,total_miss,1,16,563,exceeds,16,563,exceeds
bm25__fixed_window,bm25,fixed_window,130,full_success,1,18,1363,exceeds,18,1363,exceeds
bm25__fixed_window,bm25,fixed_window,1303,full_success,1,15,297,exceeds,15,297,within
bm25__fixed_window,bm25,fixed_window,1316,total_miss,1,18,266,exceeds,18,266,within
bm25__fixed_window,bm25,fixed_window,1319,mis_ranked,1,16,266,exceeds,16,266,within
bm25__fixed_window,bm25,fixed_window,132,total_miss,1,14,262,exceeds,14,262,within
bm25__fixed_window,bm25,fixed_window,1320,full_success,1,25,266,exceeds,25,266,within
bm25__fixed_window,bm25,fixed_window,133,mis_ranked,5,49,480,exceeds,49,480,within
bm25__fixed_window,bm25,fixed_window,1332,total_miss,1,42,318,exceeds,42,318,within
bm25__fixed_window,bm25,fixed_window,1335,full_success,1,15,266,exceeds,15,266,within
bm25__fixed_window,bm25,fixed_window,1336,full_success,1,14,266,exceeds,14,266,within
bm25__fixed_window,bm25,fixed_window,1337,full_success,1,32,279,exceeds,32,279,within
bm25__fixed_window,bm25,fixed_window,1339,full_success,1,16,490,exceeds,16,490,within
bm25__fixed_window,bm25,fixed_window,1344,mis_ranked,1,37,159,within,37,159,within
bm25__fixed_window,bm25,fixed_window,1352,full_success,1,22,291,exceeds,22,291,within
bm25__fixed_window,bm25,fixed_window,1359,full_success,1,36,716,exceeds,36,716,exceeds
bm25__fixed_window,bm25,fixed_window,1362,full_success,1,16,366,exceeds,16,366,within
bm25__fixed_window,bm25,fixed_window,1363,full_success,1,18,366,exceeds,18,366,within
bm25__fixed_window,bm25,fixed_window,1368,total_miss,1,11,432,exceeds,11,432,within
bm25__fixed_window,bm25,fixed_window,137,full_success,1,20,283,exceeds,20,283,within
bm25__fixed_window,bm25,fixed_window,1370,mis_ranked,1,11,432,exceeds,11,432,within
bm25__fixed_window,bm25,fixed_window,1379,mis_ranked,4,19,584,exceeds,19,584,exceeds
bm25__fixed_window,bm25,fixed_window,1382,mis_ranked,1,17,237,within,17,237,within
bm25__fixed_window,bm25,fixed_window,1385,full_success,1,11,188,within,11,188,within
bm25__fixed_window,bm25,fixed_window,1389,full_success,1,18,224,within,18,224,within
bm25__fixed_window,bm25,fixed_window,1395,total_miss,1,36,266,exceeds,36,266,within
bm25__fixed_window,bm25,fixed_window,141,full_success,2,19,504,exceeds,19,504,within
bm25__fixed_window,bm25,fixed_window,142,full_success,1,39,738,exceeds,39,738,exceeds
bm25__fixed_window,bm25,fixed_window,143,full_success,1,36,738,exceeds,36,738,exceeds
bm25__fixed_window,bm25,fixed_window,146,full_success,1,34,738,exceeds,34,738,exceeds
bm25__fixed_window,bm25,fixed_window,148,full_success,1,10,270,exceeds,10,270,within
bm25__fixed_window,bm25,fixed_window,163,full_success,1,14,460,exceeds,14,460,within
bm25__fixed_window,bm25,fixed_window,171,full_success,1,26,323,exceeds,26,323,within
bm25__fixed_window,bm25,fixed_window,179,partial_recall,4,12,584,exceeds,12,584,exceeds
bm25__fixed_window,bm25,fixed_window,180,full_success,1,36,323,exceeds,36,323,within
bm25__fixed_window,bm25,fixed_window,183,mis_ranked,1,13,265,exceeds,13,265,within
bm25__fixed_window,bm25,fixed_window,185,mis_ranked,1,12,516,exceeds,12,516,exceeds
bm25__fixed_window,bm25,fixed_window,198,mis_ranked,1,11,275,exceeds,11,275,within
bm25__fixed_window,bm25,fixed_window,208,full_success,1,12,361,exceeds,12,361,within
bm25__fixed_window,bm25,fixed_window,212,mis_ranked,1,11,289,exceeds,11,289,within
bm25__fixed_window,bm25,fixed_window,213,mis_ranked,1,26,601,exceeds,26,601,exceeds
bm25__fixed_window,bm25,fixed_window,216,full_success,1,18,356,exceeds,18,356,within
bm25__fixed_window,bm25,fixed_window,217,full_success,1,16,356,exceeds,16,356,within
bm25__fixed_window,bm25,fixed_window,218,full_success,1,17,356,exceeds,17,356,within
bm25__fixed_window,bm25,fixed_window,219,full_success,1,18,356,exceeds,18,356,within
bm25__fixed_window,bm25,fixed_window,230,full_success,1,22,482,exceeds,22,482,within
bm25__fixed_window,bm25,fixed_window,232,mis_ranked,1,19,80,within,19,80,within
bm25__fixed_window,bm25,fixed_window,233,full_success,1,18,283,exceeds,18,283,within
bm25__fixed_window,bm25,fixed_window,236,full_success,1,17,283,exceeds,17,283,within
bm25__fixed_window,bm25,fixed_window,237,full_success,1,22,406,exceeds,22,406,within
bm25__fixed_window,bm25,fixed_window,238,mis_ranked,1,14,96,within,14,96,within
bm25__fixed_window,bm25,fixed_window,239,total_miss,1,11,341,exceeds,11,341,within
bm25__fixed_window,bm25,fixed_window,248,full_success,1,16,218,within,16,218,within
bm25__fixed_window,bm25,fixed_window,249,mis_ranked,1,16,218,within,16,218,within
bm25__fixed_window,bm25,fixed_window,261,mis_ranked,2,23,543,exceeds,23,543,exceeds
bm25__fixed_window,bm25,fixed_window,268,mis_ranked,1,8,312,exceeds,8,312,within
bm25__fixed_window,bm25,fixed_window,269,mis_ranked,1,8,312,exceeds,8,312,within
bm25__fixed_window,bm25,fixed_window,274,full_success,1,41,716,exceeds,41,716,exceeds
bm25__fixed_window,bm25,fixed_window,275,partial_recall,3,30,510,exceeds,30,510,within
bm25__fixed_window,bm25,fixed_window,279,full_success,1,25,410,exceeds,25,410,within
bm25__fixed_window,bm25,fixed_window,294,mis_ranked,1,22,387,exceeds,22,387,within
bm25__fixed_window,bm25,fixed_window,295,full_success,1,36,320,exceeds,36,320,within
bm25__fixed_window,bm25,fixed_window,298,full_success,1,25,198,within,25,198,within
bm25__fixed_window,bm25,fixed_window,3,mis_ranked,1,28,354,exceeds,28,354,within
bm25__fixed_window,bm25,fixed_window,300,mis_ranked,1,43,352,exceeds,43,352,within
bm25__fixed_window,bm25,fixed_window,303,mis_ranked,1,25,283,exceeds,25,283,within
bm25__fixed_window,bm25,fixed_window,312,mis_ranked,1,21,476,exceeds,21,476,within
bm25__fixed_window,bm25,fixed_window,314,mis_ranked,1,34,325,exceeds,34,325,within
bm25__fixed_window,bm25,fixed_window,324,mis_ranked,1,14,282,exceeds,14,282,within
bm25__fixed_window,bm25,fixed_window,327,full_success,1,21,247,within,21,247,within
bm25__fixed_window,bm25,fixed_window,338,full_success,1,15,649,exceeds,15,649,exceeds
bm25__fixed_window,bm25,fixed_window,343,mis_ranked,2,25,481,exceeds,25,481,within
bm25__fixed_window,bm25,fixed_window,350,full_success,1,23,203,within,23,203,within
bm25__fixed_window,bm25,fixed_window,354,full_success,1,26,271,exceeds,26,271,within
bm25__fixed_window,bm25,fixed_window,36,mis_ranked,2,17,451,exceeds,17,451,within
bm25__fixed_window,bm25,fixed_window,362,full_success,1,36,304,exceeds,36,304,within
bm25__fixed_window,bm25,fixed_window,380,full_success,1,18,216,within,18,216,within
bm25__fixed_window,bm25,fixed_window,384,mis_ranked,1,23,1021,exceeds,23,1021,exceeds
bm25__fixed_window,bm25,fixed_window,385,mis_ranked,2,25,406,exceeds,25,406,within
bm25__fixed_window,bm25,fixed_window,386,full_success,1,22,244,within,22,244,within
bm25__fixed_window,bm25,fixed_window,388,mis_ranked,1,13,252,within,13,252,within
bm25__fixed_window,bm25,fixed_window,399,full_success,1,15,463,exceeds,15,463,within
bm25__fixed_window,bm25,fixed_window,410,full_success,1,16,170,within,16,170,within
bm25__fixed_window,bm25,fixed_window,411,full_success,1,16,170,within,16,170,within
bm25__fixed_window,bm25,fixed_window,415,mis_ranked,1,26,579,exceeds,26,579,exceeds
bm25__fixed_window,bm25,fixed_window,42,full_success,1,33,702,exceeds,33,702,exceeds
bm25__fixed_window,bm25,fixed_window,421,total_miss,1,22,213,within,22,213,within
bm25__fixed_window,bm25,fixed_window,431,total_miss,1,23,238,within,23,238,within
bm25__fixed_window,bm25,fixed_window,436,full_success,1,22,294,exceeds,22,294,within
bm25__fixed_window,bm25,fixed_window,437,total_miss,1,32,272,exceeds,32,272,within
bm25__fixed_window,bm25,fixed_window,439,mis_ranked,1,29,314,exceeds,29,314,within
bm25__fixed_window,bm25,fixed_window,440,mis_ranked,1,28,314,exceeds,28,314,within
bm25__fixed_window,bm25,fixed_window,443,full_success,1,22,298,exceeds,22,298,within
bm25__fixed_window,bm25,fixed_window,452,mis_ranked,2,16,213,within,16,213,within
bm25__fixed_window,bm25,fixed_window,475,total_miss,1,20,250,within,20,250,within
bm25__fixed_window,bm25,fixed_window,478,mis_ranked,1,41,196,within,41,196,within
bm25__fixed_window,bm25,fixed_window,48,mis_ranked,1,25,425,exceeds,25,425,within
bm25__fixed_window,bm25,fixed_window,49,full_success,1,18,253,within,18,253,within
bm25__fixed_window,bm25,fixed_window,491,full_success,1,20,215,within,20,215,within
bm25__fixed_window,bm25,fixed_window,5,full_success,1,15,425,exceeds,15,425,within
bm25__fixed_window,bm25,fixed_window,50,full_success,1,11,271,exceeds,11,271,within
bm25__fixed_window,bm25,fixed_window,501,mis_ranked,1,11,452,exceeds,11,452,within
bm25__fixed_window,bm25,fixed_window,502,total_miss,1,22,791,exceeds,22,791,exceeds
bm25__fixed_window,bm25,fixed_window,507,full_success,1,28,255,within,28,255,within
bm25__fixed_window,bm25,fixed_window,508,total_miss,1,19,238,within,19,238,within
bm25__fixed_window,bm25,fixed_window,51,full_success,1,14,238,within,14,238,within
bm25__fixed_window,bm25,fixed_window,513,mis_ranked,1,15,531,exceeds,15,531,exceeds
bm25__fixed_window,bm25,fixed_window,514,mis_ranked,1,34,460,exceeds,34,460,within
bm25__fixed_window,bm25,fixed_window,516,full_success,1,28,849,exceeds,28,849,exceeds
bm25__fixed_window,bm25,fixed_window,517,total_miss,1,13,595,exceeds,13,595,exceeds
bm25__fixed_window,bm25,fixed_window,521,full_success,1,43,714,exceeds,43,714,exceeds
bm25__fixed_window,bm25,fixed_window,525,full_success,1,31,234,within,31,234,within
bm25__fixed_window,bm25,fixed_window,527,mis_ranked,1,41,282,exceeds,41,282,within
bm25__fixed_window,bm25,fixed_window,528,full_success,1,64,387,exceeds,64,387,within
bm25__fixed_window,bm25,fixed_window,53,full_success,1,17,238,within,17,238,within
bm25__fixed_window,bm25,fixed_window,532,full_success,1,23,537,exceeds,23,537,exceeds
bm25__fixed_window,bm25,fixed_window,533,full_success,1,23,537,exceeds,23,537,exceeds
bm25__fixed_window,bm25,fixed_window,535,total_miss,1,13,560,exceeds,13,560,exceeds
bm25__fixed_window,bm25,fixed_window,536,full_success,1,18,330,exceeds,18,330,within
bm25__fixed_window,bm25,fixed_window,539,full_success,1,14,685,exceeds,14,685,exceeds
bm25__fixed_window,bm25,fixed_window,54,mis_ranked,1,23,314,exceeds,23,314,within
bm25__fixed_window,bm25,fixed_window,540,mis_ranked,2,22,350,exceeds,22,350,within
bm25__fixed_window,bm25,fixed_window,544,mis_ranked,1,20,366,exceeds,20,366,within
bm25__fixed_window,bm25,fixed_window,549,full_success,1,17,267,exceeds,17,267,within
bm25__fixed_window,bm25,fixed_window,551,mis_ranked,1,44,230,within,44,230,within
bm25__fixed_window,bm25,fixed_window,552,full_success,1,36,360,exceeds,36,360,within
bm25__fixed_window,bm25,fixed_window,554,mis_ranked,1,22,303,exceeds,22,303,within
bm25__fixed_window,bm25,fixed_window,56,full_success,1,32,306,exceeds,32,306,within
bm25__fixed_window,bm25,fixed_window,560,total_miss,1,21,337,exceeds,21,337,within
bm25__fixed_window,bm25,fixed_window,569,full_success,1,14,317,exceeds,14,317,within
bm25__fixed_window,bm25,fixed_window,57,full_success,1,33,306,exceeds,33,306,within
bm25__fixed_window,bm25,fixed_window,575,total_miss,1,28,229,within,28,229,within
bm25__fixed_window,bm25,fixed_window,577,total_miss,1,37,174,within,37,174,within
bm25__fixed_window,bm25,fixed_window,578,full_success,1,28,389,exceeds,28,389,within
bm25__fixed_window,bm25,fixed_window,587,mis_ranked,1,41,256,within,41,256,within
bm25__fixed_window,bm25,fixed_window,589,full_success,1,28,652,exceeds,28,652,exceeds
bm25__fixed_window,bm25,fixed_window,593,full_success,1,15,405,exceeds,15,405,within
bm25__fixed_window,bm25,fixed_window,597,full_success,3,10,326,exceeds,10,326,within
bm25__fixed_window,bm25,fixed_window,598,mis_ranked,1,26,326,exceeds,26,326,within
bm25__fixed_window,bm25,fixed_window,613,full_success,1,27,306,exceeds,27,306,within
bm25__fixed_window,bm25,fixed_window,619,mis_ranked,2,20,366,exceeds,20,366,within
bm25__fixed_window,bm25,fixed_window,623,mis_ranked,1,18,280,exceeds,18,280,within
bm25__fixed_window,bm25,fixed_window,628,mis_ranked,1,26,282,exceeds,26,282,within
bm25__fixed_window,bm25,fixed_window,636,mis_ranked,1,40,353,exceeds,40,353,within
bm25__fixed_window,bm25,fixed_window,637,mis_ranked,1,17,244,within,17,244,within
bm25__fixed_window,bm25,fixed_window,641,partial_recall,2,14,527,exceeds,14,527,exceeds
bm25__fixed_window,bm25,fixed_window,644,full_success,1,10,859,exceeds,10,859,exceeds
bm25__fixed_window,bm25,fixed_window,649,mis_ranked,1,20,382,exceeds,20,382,within
bm25__fixed_window,bm25,fixed_window,659,full_success,1,20,285,exceeds,20,285,within
bm25__fixed_window,bm25,fixed_window,660,mis_ranked,1,17,285,exceeds,17,285,within
bm25__fixed_window,bm25,fixed_window,674,full_success,1,17,550,exceeds,17,550,exceeds
bm25__fixed_window,bm25,fixed_window,684,full_success,1,22,406,exceeds,22,406,within
bm25__fixed_window,bm25,fixed_window,690,total_miss,1,43,311,exceeds,43,311,within
bm25__fixed_window,bm25,fixed_window,691,mis_ranked,1,27,248,within,27,248,within
bm25__fixed_window,bm25,fixed_window,692,mis_ranked,1,18,499,exceeds,18,499,within
bm25__fixed_window,bm25,fixed_window,693,mis_ranked,1,18,499,exceeds,18,499,within
bm25__fixed_window,bm25,fixed_window,70,full_success,2,14,423,exceeds,14,423,within
bm25__fixed_window,bm25,fixed_window,700,mis_ranked,1,20,335,exceeds,20,335,within
bm25__fixed_window,bm25,fixed_window,702,mis_ranked,1,21,335,exceeds,21,335,within
bm25__fixed_window,bm25,fixed_window,715,mis_ranked,1,25,234,within,25,234,within
bm25__fixed_window,bm25,fixed_window,716,total_miss,1,18,234,within,18,234,within
bm25__fixed_window,bm25,fixed_window,718,mis_ranked,1,22,273,exceeds,22,273,within
bm25__fixed_window,bm25,fixed_window,72,mis_ranked,1,19,271,exceeds,19,271,within
bm25__fixed_window,bm25,fixed_window,721,full_success,1,28,250,within,28,250,within
bm25__fixed_window,bm25,fixed_window,723,full_success,1,24,251,within,24,251,within
bm25__fixed_window,bm25,fixed_window,727,mis_ranked,1,24,265,exceeds,24,265,within
bm25__fixed_window,bm25,fixed_window,728,mis_ranked,2,23,388,exceeds,23,388,within
bm25__fixed_window,bm25,fixed_window,729,mis_ranked,1,24,283,exceeds,24,283,within
bm25__fixed_window,bm25,fixed_window,742,full_success,1,17,400,exceeds,17,400,within
bm25__fixed_window,bm25,fixed_window,743,full_success,1,14,400,exceeds,14,400,within
bm25__fixed_window,bm25,fixed_window,744,mis_ranked,1,26,240,within,26,240,within
bm25__fixed_window,bm25,fixed_window,75,mis_ranked,1,28,420,exceeds,28,420,within
bm25__fixed_window,bm25,fixed_window,756,mis_ranked,1,24,286,exceeds,24,286,within
bm25__fixed_window,bm25,fixed_window,759,full_success,1,32,612,exceeds,32,612,exceeds
bm25__fixed_window,bm25,fixed_window,768,mis_ranked,1,37,286,exceeds,37,286,within
bm25__fixed_window,bm25,fixed_window,770,full_success,1,42,778,exceeds,42,778,exceeds
bm25__fixed_window,bm25,fixed_window,775,total_miss,1,35,288,exceeds,35,288,within
bm25__fixed_window,bm25,fixed_window,781,mis_ranked,1,27,313,exceeds,27,313,within
bm25__fixed_window,bm25,fixed_window,783,total_miss,1,25,303,exceeds,25,303,within
bm25__fixed_window,bm25,fixed_window,784,mis_ranked,1,24,264,exceeds,24,264,within
bm25__fixed_window,bm25,fixed_window,785,mis_ranked,1,32,546,exceeds,32,546,exceeds
bm25__fixed_window,bm25,fixed_window,793,full_success,1,16,142,within,16,142,within
bm25__fixed_window,bm25,fixed_window,800,total_miss,1,26,164,within,26,164,within
bm25__fixed_window,bm25,fixed_window,805,full_success,1,19,305,exceeds,19,305,within
bm25__fixed_window,bm25,fixed_window,808,full_success,1,14,198,within,14,198,within
bm25__fixed_window,bm25,fixed_window,811,full_success,1,24,394,exceeds,24,394,within
bm25__fixed_window,bm25,fixed_window,814,full_success,1,39,360,exceeds,39,360,within
bm25__fixed_window,bm25,fixed_window,820,mis_ranked,1,13,369,exceeds,13,369,within
bm25__fixed_window,bm25,fixed_window,821,mis_ranked,1,13,369,exceeds,13,369,within
bm25__fixed_window,bm25,fixed_window,823,full_success,1,19,719,exceeds,19,719,exceeds
bm25__fixed_window,bm25,fixed_window,830,mis_ranked,1,41,240,within,41,240,within
bm25__fixed_window,bm25,fixed_window,831,total_miss,1,31,240,within,31,240,within
bm25__fixed_window,bm25,fixed_window,832,full_success,1,17,284,exceeds,17,284,within
bm25__fixed_window,bm25,fixed_window,834,total_miss,1,22,253,within,22,253,within
bm25__fixed_window,bm25,fixed_window,837,full_success,1,17,332,exceeds,17,332,within
bm25__fixed_window,bm25,fixed_window,839,mis_ranked,1,26,307,exceeds,26,307,within
bm25__fixed_window,bm25,fixed_window,845,full_success,1,25,170,within,25,170,within
bm25__fixed_window,bm25,fixed_window,847,full_success,1,24,300,exceeds,24,300,within
bm25__fixed_window,bm25,fixed_window,852,mis_ranked,1,19,365,exceeds,19,365,within
bm25__fixed_window,bm25,fixed_window,859,mis_ranked,1,14,279,exceeds,14,279,within
bm25__fixed_window,bm25,fixed_window,870,total_miss,1,7,752,exceeds,7,752,exceeds
bm25__fixed_window,bm25,fixed_window,873,total_miss,5,10,485,exceeds,10,485,within
bm25__fixed_window,bm25,fixed_window,879,full_success,1,21,240,within,21,240,within
bm25__fixed_window,bm25,fixed_window,880,full_success,1,20,240,within,20,240,within
bm25__fixed_window,bm25,fixed_window,882,full_success,1,26,362,exceeds,26,362,within
bm25__fixed_window,bm25,fixed_window,887,total_miss,1,17,470,exceeds,17,470,within
bm25__fixed_window,bm25,fixed_window,903,full_success,1,18,288,exceeds,18,288,within
bm25__fixed_window,bm25,fixed_window,904,full_success,1,43,320,exceeds,43,320,within
bm25__fixed_window,bm25,fixed_window,907,full_success,1,23,130,within,23,130,within
bm25__fixed_window,bm25,fixed_window,911,full_success,1,27,572,exceeds,27,572,exceeds
bm25__fixed_window,bm25,fixed_window,913,total_miss,1,17,261,exceeds,17,261,within
bm25__fixed_window,bm25,fixed_window,914,total_miss,1,17,261,exceeds,17,261,within
bm25__fixed_window,bm25,fixed_window,921,mis_ranked,1,13,523,exceeds,13,523,exceeds
bm25__fixed_window,bm25,fixed_window,922,full_success,1,15,402,exceeds,15,402,within
bm25__fixed_window,bm25,fixed_window,936,full_success,1,20,253,within,20,253,within
bm25__fixed_window,bm25,fixed_window,94,full_success,1,20,285,exceeds,20,285,within
bm25__fixed_window,bm25,fixed_window,956,mis_ranked,1,26,200,within,26,200,within
bm25__fixed_window,bm25,fixed_window,957,mis_ranked,1,15,277,exceeds,15,277,within
bm25__fixed_window,bm25,fixed_window,960,full_success,1,10,313,exceeds,10,313,within
bm25__fixed_window,bm25,fixed_window,967,full_success,2,26,324,exceeds,26,324,within
bm25__fixed_window,bm25,fixed_window,971,mis_ranked,4,31,1149,exceeds,31,1149,exceeds
bm25__fixed_window,bm25,fixed_window,975,total_miss,1,20,318,exceeds,20,318,within
bm25__fixed_window,bm25,fixed_window,982,full_success,1,25,227,within,25,227,within
bm25__fixed_window,bm25,fixed_window,985,full_success,1,24,263,exceeds,24,263,within
bm25__fixed_window,bm25,fixed_window,99,full_success,1,18,340,exceeds,18,340,within
bm25__fixed_window,bm25,fixed_window,993,full_success,1,25,278,exceeds,25,278,within
bm25__sentence_window,bm25,sentence_window,1,total_miss,1,15,149,within,15,149,within
bm25__sentence_window,bm25,sentence_window,100,full_success,1,17,385,exceeds,17,385,within
bm25__sentence_window,bm25,sentence_window,1012,full_success,1,21,461,exceeds,21,461,within
bm25__sentence_window,bm25,sentence_window,1014,full_success,1,19,210,within,19,210,within
bm25__sentence_window,bm25,sentence_window,1019,mis_ranked,1,17,421,exceeds,17,421,within
bm25__sentence_window,bm25,sentence_window,1020,mis_ranked,1,32,267,exceeds,32,267,within
bm25__sentence_window,bm25,sentence_window,1021,mis_ranked,1,32,267,exceeds,32,267,within
bm25__sentence_window,bm25,sentence_window,1024,full_success,1,20,224,within,20,224,within
bm25__sentence_window,bm25,sentence_window,1029,partial_recall,3,33,369,exceeds,33,369,within
bm25__sentence_window,bm25,sentence_window,1041,mis_ranked,2,33,353,exceeds,33,353,within
bm25__sentence_window,bm25,sentence_window,1049,total_miss,1,18,239,within,18,239,within
bm25__sentence_window,bm25,sentence_window,1062,full_success,1,25,389,exceeds,25,389,within
bm25__sentence_window,bm25,sentence_window,1086,full_success,1,30,491,exceeds,30,491,within
bm25__sentence_window,bm25,sentence_window,1088,total_miss,1,19,204,within,19,204,within
bm25__sentence_window,bm25,sentence_window,1089,full_success,1,30,371,exceeds,30,371,within
bm25__sentence_window,bm25,sentence_window,1099,mis_ranked,1,10,166,within,10,166,within
bm25__sentence_window,bm25,sentence_window,1100,mis_ranked,1,10,166,within,10,166,within
bm25__sentence_window,bm25,sentence_window,1104,full_success,1,35,904,exceeds,35,904,exceeds
bm25__sentence_window,bm25,sentence_window,1107,full_success,1,16,181,within,16,181,within
bm25__sentence_window,bm25,sentence_window,1110,total_miss,1,14,1021,exceeds,14,1021,exceeds
bm25__sentence_window,bm25,sentence_window,1121,mis_ranked,1,26,403,exceeds,26,403,within
bm25__sentence_window,bm25,sentence_window,113,mis_ranked,1,22,468,exceeds,22,468,within
bm25__sentence_window,bm25,sentence_window,1130,full_success,1,31,247,within,31,247,within
bm25__sentence_window,bm25,sentence_window,1132,mis_ranked,2,28,275,exceeds,28,275,within
bm25__sentence_window,bm25,sentence_window,1137,full_success,1,18,463,exceeds,18,463,within
bm25__sentence_window,bm25,sentence_window,1140,mis_ranked,1,20,653,exceeds,20,653,exceeds
bm25__sentence_window,bm25,sentence_window,1144,mis_ranked,1,23,531,exceeds,23,531,exceeds
bm25__sentence_window,bm25,sentence_window,1146,full_success,1,15,454,exceeds,15,454,within
bm25__sentence_window,bm25,sentence_window,115,full_success,1,16,318,exceeds,16,318,within
bm25__sentence_window,bm25,sentence_window,1150,full_success,1,25,238,within,25,238,within
bm25__sentence_window,bm25,sentence_window,1163,full_success,1,20,244,within,20,244,within
bm25__sentence_window,bm25,sentence_window,1175,total_miss,1,16,216,within,16,216,within
bm25__sentence_window,bm25,sentence_window,1179,mis_ranked,1,20,216,within,20,216,within
bm25__sentence_window,bm25,sentence_window,118,full_success,1,23,257,exceeds,23,257,within
bm25__sentence_window,bm25,sentence_window,1180,mis_ranked,1,16,216,within,16,216,within
bm25__sentence_window,bm25,sentence_window,1185,full_success,1,36,485,exceeds,36,485,within
bm25__sentence_window,bm25,sentence_window,1187,full_success,1,36,349,exceeds,36,349,within
bm25__sentence_window,bm25,sentence_window,1191,total_miss,1,14,159,within,14,159,within
bm25__sentence_window,bm25,sentence_window,1194,mis_ranked,1,32,264,exceeds,32,264,within
bm25__sentence_window,bm25,sentence_window,1196,total_miss,1,16,244,within,16,244,within
bm25__sentence_window,bm25,sentence_window,1197,total_miss,1,17,244,within,17,244,within
bm25__sentence_window,bm25,sentence_window,1199,total_miss,1,26,637,exceeds,26,637,exceeds
bm25__sentence_window,bm25,sentence_window,1200,total_miss,1,42,274,exceeds,42,274,within
bm25__sentence_window,bm25,sentence_window,1202,mis_ranked,1,22,261,exceeds,22,261,within
bm25__sentence_window,bm25,sentence_window,1204,full_success,1,32,321,exceeds,32,321,within
bm25__sentence_window,bm25,sentence_window,1207,mis_ranked,1,38,297,exceeds,38,297,within
bm25__sentence_window,bm25,sentence_window,1213,total_miss,1,21,599,exceeds,21,599,exceeds
bm25__sentence_window,bm25,sentence_window,1216,full_success,1,20,262,exceeds,20,262,within
bm25__sentence_window,bm25,sentence_window,1221,total_miss,1,24,296,exceeds,24,296,within
bm25__sentence_window,bm25,sentence_window,1225,total_miss,1,19,287,exceeds,19,287,within
bm25__sentence_window,bm25,sentence_window,1226,total_miss,1,23,315,exceeds,23,315,within
bm25__sentence_window,bm25,sentence_window,1232,full_success,1,25,255,within,25,255,within
bm25__sentence_window,bm25,sentence_window,124,full_success,1,21,524,exceeds,21,524,exceeds
bm25__sentence_window,bm25,sentence_window,1241,total_miss,1,20,416,exceeds,20,416,within
bm25__sentence_window,bm25,sentence_window,1245,full_success,1,15,324,exceeds,15,324,within
bm25__sentence_window,bm25,sentence_window,1259,mis_ranked,1,35,708,exceeds,35,708,exceeds
bm25__sentence_window,bm25,sentence_window,1262,full_success,1,20,217,within,20,217,within
bm25__sentence_window,bm25,sentence_window,1266,mis_ranked,1,35,511,exceeds,35,511,within
bm25__sentence_window,bm25,sentence_window,127,mis_ranked,1,20,292,exceeds,20,292,within
bm25__sentence_window,bm25,sentence_window,1270,full_success,1,18,576,exceeds,18,576,exceeds
bm25__sentence_window,bm25,sentence_window,1271,full_success,1,31,523,exceeds,31,523,exceeds
bm25__sentence_window,bm25,sentence_window,1272,mis_ranked,1,23,177,within,23,177,within
bm25__sentence_window,bm25,sentence_window,1273,full_success,1,21,282,exceeds,21,282,within
bm25__sentence_window,bm25,sentence_window,1274,mis_ranked,3,44,335,exceeds,44,335,within
bm25__sentence_window,bm25,sentence_window,1278,total_miss,1,23,234,within,23,234,within
bm25__sentence_window,bm25,sentence_window,1279,total_miss,1,23,234,within,23,234,within
bm25__sentence_window,bm25,sentence_window,128,full_success,1,16,366,exceeds,16,366,within
bm25__sentence_window,bm25,sentence_window,1280,total_miss,1,34,420,exceeds,34,420,within
bm25__sentence_window,bm25,sentence_window,1281,total_miss,1,19,420,exceeds,19,420,within
bm25__sentence_window,bm25,sentence_window,1282,full_success,1,28,399,exceeds,28,399,within
bm25__sentence_window,bm25,sentence_window,129,full_success,1,18,1363,exceeds,18,1363,exceeds
bm25__sentence_window,bm25,sentence_window,1290,full_success,1,15,627,exceeds,15,627,exceeds
bm25__sentence_window,bm25,sentence_window,1292,full_success,1,17,215,within,17,215,within
bm25__sentence_window,bm25,sentence_window,1298,full_success,1,35,516,exceeds,35,516,exceeds
bm25__sentence_window,bm25,sentence_window,13,total_miss,1,16,563,exceeds,16,563,exceeds
bm25__sentence_window,bm25,sentence_window,130,full_success,1,18,1363,exceeds,18,1363,exceeds
bm25__sentence_window,bm25,sentence_window,1303,mis_ranked,1,15,297,exceeds,15,297,within
bm25__sentence_window,bm25,sentence_window,1316,total_miss,1,18,266,exceeds,18,266,within
bm25__sentence_window,bm25,sentence_window,1319,mis_ranked,1,16,266,exceeds,16,266,within
bm25__sentence_window,bm25,sentence_window,132,total_miss,1,14,262,exceeds,14,262,within
bm25__sentence_window,bm25,sentence_window,1320,full_success,1,25,266,exceeds,25,266,within
bm25__sentence_window,bm25,sentence_window,133,mis_ranked,5,49,480,exceeds,49,480,within
bm25__sentence_window,bm25,sentence_window,1332,total_miss,1,42,318,exceeds,42,318,within
bm25__sentence_window,bm25,sentence_window,1335,full_success,1,15,266,exceeds,15,266,within
bm25__sentence_window,bm25,sentence_window,1336,full_success,1,14,266,exceeds,14,266,within
bm25__sentence_window,bm25,sentence_window,1337,full_success,1,32,279,exceeds,32,279,within
bm25__sentence_window,bm25,sentence_window,1339,full_success,1,16,490,exceeds,16,490,within
bm25__sentence_window,bm25,sentence_window,1344,full_success,1,37,159,within,37,159,within
bm25__sentence_window,bm25,sentence_window,1352,full_success,1,22,291,exceeds,22,291,within
bm25__sentence_window,bm25,sentence_window,1359,full_success,1,36,716,exceeds,36,716,exceeds
bm25__sentence_window,bm25,sentence_window,1362,full_success,1,16,366,exceeds,16,366,within
bm25__sentence_window,bm25,sentence_window,1363,full_success,1,18,366,exceeds,18,366,within
bm25__sentence_window,bm25,sentence_window,1368,total_miss,1,11,432,exceeds,11,432,within
bm25__sentence_window,bm25,sentence_window,137,full_success,1,20,283,exceeds,20,283,within
bm25__sentence_window,bm25,sentence_window,1370,mis_ranked,1,11,432,exceeds,11,432,within
bm25__sentence_window,bm25,sentence_window,1379,mis_ranked,4,19,584,exceeds,19,584,exceeds
bm25__sentence_window,bm25,sentence_window,1382,mis_ranked,1,17,237,within,17,237,within
bm25__sentence_window,bm25,sentence_window,1385,full_success,1,11,188,within,11,188,within
bm25__sentence_window,bm25,sentence_window,1389,full_success,1,18,224,within,18,224,within
bm25__sentence_window,bm25,sentence_window,1395,total_miss,1,36,266,exceeds,36,266,within
bm25__sentence_window,bm25,sentence_window,141,full_success,2,19,504,exceeds,19,504,within
bm25__sentence_window,bm25,sentence_window,142,full_success,1,39,738,exceeds,39,738,exceeds
bm25__sentence_window,bm25,sentence_window,143,full_success,1,36,738,exceeds,36,738,exceeds
bm25__sentence_window,bm25,sentence_window,146,full_success,1,34,738,exceeds,34,738,exceeds
bm25__sentence_window,bm25,sentence_window,148,full_success,1,10,270,exceeds,10,270,within
bm25__sentence_window,bm25,sentence_window,163,full_success,1,14,460,exceeds,14,460,within
bm25__sentence_window,bm25,sentence_window,171,mis_ranked,1,26,323,exceeds,26,323,within
bm25__sentence_window,bm25,sentence_window,179,mis_ranked,4,12,584,exceeds,12,584,exceeds
bm25__sentence_window,bm25,sentence_window,180,full_success,1,36,323,exceeds,36,323,within
bm25__sentence_window,bm25,sentence_window,183,total_miss,1,13,265,exceeds,13,265,within
bm25__sentence_window,bm25,sentence_window,185,mis_ranked,1,12,516,exceeds,12,516,exceeds
bm25__sentence_window,bm25,sentence_window,198,mis_ranked,1,11,275,exceeds,11,275,within
bm25__sentence_window,bm25,sentence_window,208,full_success,1,12,361,exceeds,12,361,within
bm25__sentence_window,bm25,sentence_window,212,mis_ranked,1,11,289,exceeds,11,289,within
bm25__sentence_window,bm25,sentence_window,213,mis_ranked,1,26,601,exceeds,26,601,exceeds
bm25__sentence_window,bm25,sentence_window,216,full_success,1,18,356,exceeds,18,356,within
bm25__sentence_window,bm25,sentence_window,217,full_success,1,16,356,exceeds,16,356,within
bm25__sentence_window,bm25,sentence_window,218,full_success,1,17,356,exceeds,17,356,within
bm25__sentence_window,bm25,sentence_window,219,full_success,1,18,356,exceeds,18,356,within
bm25__sentence_window,bm25,sentence_window,230,full_success,1,22,482,exceeds,22,482,within
bm25__sentence_window,bm25,sentence_window,232,mis_ranked,1,19,80,within,19,80,within
bm25__sentence_window,bm25,sentence_window,233,full_success,1,18,283,exceeds,18,283,within
bm25__sentence_window,bm25,sentence_window,236,full_success,1,17,283,exceeds,17,283,within
bm25__sentence_window,bm25,sentence_window,237,full_success,1,22,406,exceeds,22,406,within
bm25__sentence_window,bm25,sentence_window,238,mis_ranked,1,14,96,within,14,96,within
bm25__sentence_window,bm25,sentence_window,239,total_miss,1,11,341,exceeds,11,341,within
bm25__sentence_window,bm25,sentence_window,248,full_success,1,16,218,within,16,218,within
bm25__sentence_window,bm25,sentence_window,249,full_success,1,16,218,within,16,218,within
bm25__sentence_window,bm25,sentence_window,261,mis_ranked,2,23,543,exceeds,23,543,exceeds
bm25__sentence_window,bm25,sentence_window,268,mis_ranked,1,8,312,exceeds,8,312,within
bm25__sentence_window,bm25,sentence_window,269,mis_ranked,1,8,312,exceeds,8,312,within
bm25__sentence_window,bm25,sentence_window,274,full_success,1,41,716,exceeds,41,716,exceeds
bm25__sentence_window,bm25,sentence_window,275,partial_recall,3,30,510,exceeds,30,510,within
bm25__sentence_window,bm25,sentence_window,279,full_success,1,25,410,exceeds,25,410,within
bm25__sentence_window,bm25,sentence_window,294,mis_ranked,1,22,387,exceeds,22,387,within
bm25__sentence_window,bm25,sentence_window,295,full_success,1,36,320,exceeds,36,320,within
bm25__sentence_window,bm25,sentence_window,298,full_success,1,25,198,within,25,198,within
bm25__sentence_window,bm25,sentence_window,3,mis_ranked,1,28,354,exceeds,28,354,within
bm25__sentence_window,bm25,sentence_window,300,mis_ranked,1,43,352,exceeds,43,352,within
bm25__sentence_window,bm25,sentence_window,303,mis_ranked,1,25,283,exceeds,25,283,within
bm25__sentence_window,bm25,sentence_window,312,mis_ranked,1,21,476,exceeds,21,476,within
bm25__sentence_window,bm25,sentence_window,314,mis_ranked,1,34,325,exceeds,34,325,within
bm25__sentence_window,bm25,sentence_window,324,mis_ranked,1,14,282,exceeds,14,282,within
bm25__sentence_window,bm25,sentence_window,327,full_success,1,21,247,within,21,247,within
bm25__sentence_window,bm25,sentence_window,338,full_success,1,15,649,exceeds,15,649,exceeds
bm25__sentence_window,bm25,sentence_window,343,mis_ranked,2,25,481,exceeds,25,481,within
bm25__sentence_window,bm25,sentence_window,350,full_success,1,23,203,within,23,203,within
bm25__sentence_window,bm25,sentence_window,354,full_success,1,26,271,exceeds,26,271,within
bm25__sentence_window,bm25,sentence_window,36,mis_ranked,2,17,451,exceeds,17,451,within
bm25__sentence_window,bm25,sentence_window,362,mis_ranked,1,36,304,exceeds,36,304,within
bm25__sentence_window,bm25,sentence_window,380,full_success,1,18,216,within,18,216,within
bm25__sentence_window,bm25,sentence_window,384,mis_ranked,1,23,1021,exceeds,23,1021,exceeds
bm25__sentence_window,bm25,sentence_window,385,mis_ranked,2,25,406,exceeds,25,406,within
bm25__sentence_window,bm25,sentence_window,386,full_success,1,22,244,within,22,244,within
bm25__sentence_window,bm25,sentence_window,388,mis_ranked,1,13,252,within,13,252,within
bm25__sentence_window,bm25,sentence_window,399,full_success,1,15,463,exceeds,15,463,within
bm25__sentence_window,bm25,sentence_window,410,full_success,1,16,170,within,16,170,within
bm25__sentence_window,bm25,sentence_window,411,full_success,1,16,170,within,16,170,within
bm25__sentence_window,bm25,sentence_window,415,mis_ranked,1,26,579,exceeds,26,579,exceeds
bm25__sentence_window,bm25,sentence_window,42,full_success,1,33,702,exceeds,33,702,exceeds
bm25__sentence_window,bm25,sentence_window,421,total_miss,1,22,213,within,22,213,within
bm25__sentence_window,bm25,sentence_window,431,total_miss,1,23,238,within,23,238,within
bm25__sentence_window,bm25,sentence_window,436,full_success,1,22,294,exceeds,22,294,within
bm25__sentence_window,bm25,sentence_window,437,total_miss,1,32,272,exceeds,32,272,within
bm25__sentence_window,bm25,sentence_window,439,mis_ranked,1,29,314,exceeds,29,314,within
bm25__sentence_window,bm25,sentence_window,440,mis_ranked,1,28,314,exceeds,28,314,within
bm25__sentence_window,bm25,sentence_window,443,full_success,1,22,298,exceeds,22,298,within
bm25__sentence_window,bm25,sentence_window,452,mis_ranked,2,16,213,within,16,213,within
bm25__sentence_window,bm25,sentence_window,475,mis_ranked,1,20,250,within,20,250,within
bm25__sentence_window,bm25,sentence_window,478,mis_ranked,1,41,196,within,41,196,within
bm25__sentence_window,bm25,sentence_window,48,mis_ranked,1,25,425,exceeds,25,425,within
bm25__sentence_window,bm25,sentence_window,49,mis_ranked,1,18,253,within,18,253,within
bm25__sentence_window,bm25,sentence_window,491,full_success,1,20,215,within,20,215,within
bm25__sentence_window,bm25,sentence_window,5,full_success,1,15,425,exceeds,15,425,within
bm25__sentence_window,bm25,sentence_window,50,full_success,1,11,271,exceeds,11,271,within
bm25__sentence_window,bm25,sentence_window,501,mis_ranked,1,11,452,exceeds,11,452,within
bm25__sentence_window,bm25,sentence_window,502,total_miss,1,22,791,exceeds,22,791,exceeds
bm25__sentence_window,bm25,sentence_window,507,full_success,1,28,255,within,28,255,within
bm25__sentence_window,bm25,sentence_window,508,total_miss,1,19,238,within,19,238,within
bm25__sentence_window,bm25,sentence_window,51,mis_ranked,1,14,238,within,14,238,within
bm25__sentence_window,bm25,sentence_window,513,mis_ranked,1,15,531,exceeds,15,531,exceeds
bm25__sentence_window,bm25,sentence_window,514,mis_ranked,1,34,460,exceeds,34,460,within
bm25__sentence_window,bm25,sentence_window,516,full_success,1,28,849,exceeds,28,849,exceeds
bm25__sentence_window,bm25,sentence_window,517,total_miss,1,13,595,exceeds,13,595,exceeds
bm25__sentence_window,bm25,sentence_window,521,full_success,1,43,714,exceeds,43,714,exceeds
bm25__sentence_window,bm25,sentence_window,525,full_success,1,31,234,within,31,234,within
bm25__sentence_window,bm25,sentence_window,527,mis_ranked,1,41,282,exceeds,41,282,within
bm25__sentence_window,bm25,sentence_window,528,full_success,1,64,387,exceeds,64,387,within
bm25__sentence_window,bm25,sentence_window,53,mis_ranked,1,17,238,within,17,238,within
bm25__sentence_window,bm25,sentence_window,532,full_success,1,23,537,exceeds,23,537,exceeds
bm25__sentence_window,bm25,sentence_window,533,full_success,1,23,537,exceeds,23,537,exceeds
bm25__sentence_window,bm25,sentence_window,535,total_miss,1,13,560,exceeds,13,560,exceeds
bm25__sentence_window,bm25,sentence_window,536,mis_ranked,1,18,330,exceeds,18,330,within
bm25__sentence_window,bm25,sentence_window,539,full_success,1,14,685,exceeds,14,685,exceeds
bm25__sentence_window,bm25,sentence_window,54,mis_ranked,1,23,314,exceeds,23,314,within
bm25__sentence_window,bm25,sentence_window,540,mis_ranked,2,22,350,exceeds,22,350,within
bm25__sentence_window,bm25,sentence_window,544,total_miss,1,20,366,exceeds,20,366,within
bm25__sentence_window,bm25,sentence_window,549,full_success,1,17,267,exceeds,17,267,within
bm25__sentence_window,bm25,sentence_window,551,mis_ranked,1,44,230,within,44,230,within
bm25__sentence_window,bm25,sentence_window,552,full_success,1,36,360,exceeds,36,360,within
bm25__sentence_window,bm25,sentence_window,554,mis_ranked,1,22,303,exceeds,22,303,within
bm25__sentence_window,bm25,sentence_window,56,full_success,1,32,306,exceeds,32,306,within
bm25__sentence_window,bm25,sentence_window,560,total_miss,1,21,337,exceeds,21,337,within
bm25__sentence_window,bm25,sentence_window,569,full_success,1,14,317,exceeds,14,317,within
bm25__sentence_window,bm25,sentence_window,57,full_success,1,33,306,exceeds,33,306,within
bm25__sentence_window,bm25,sentence_window,575,total_miss,1,28,229,within,28,229,within
bm25__sentence_window,bm25,sentence_window,577,total_miss,1,37,174,within,37,174,within
bm25__sentence_window,bm25,sentence_window,578,full_success,1,28,389,exceeds,28,389,within
bm25__sentence_window,bm25,sentence_window,587,mis_ranked,1,41,256,within,41,256,within
bm25__sentence_window,bm25,sentence_window,589,full_success,1,28,652,exceeds,28,652,exceeds
bm25__sentence_window,bm25,sentence_window,593,full_success,1,15,405,exceeds,15,405,within
bm25__sentence_window,bm25,sentence_window,597,full_success,3,10,326,exceeds,10,326,within
bm25__sentence_window,bm25,sentence_window,598,mis_ranked,1,26,326,exceeds,26,326,within
bm25__sentence_window,bm25,sentence_window,613,full_success,1,27,306,exceeds,27,306,within
bm25__sentence_window,bm25,sentence_window,619,total_miss,2,20,366,exceeds,20,366,within
bm25__sentence_window,bm25,sentence_window,623,mis_ranked,1,18,280,exceeds,18,280,within
bm25__sentence_window,bm25,sentence_window,628,mis_ranked,1,26,282,exceeds,26,282,within
bm25__sentence_window,bm25,sentence_window,636,full_success,1,40,353,exceeds,40,353,within
bm25__sentence_window,bm25,sentence_window,637,mis_ranked,1,17,244,within,17,244,within
bm25__sentence_window,bm25,sentence_window,641,partial_recall,2,14,527,exceeds,14,527,exceeds
bm25__sentence_window,bm25,sentence_window,644,full_success,1,10,859,exceeds,10,859,exceeds
bm25__sentence_window,bm25,sentence_window,649,full_success,1,20,382,exceeds,20,382,within
bm25__sentence_window,bm25,sentence_window,659,mis_ranked,1,20,285,exceeds,20,285,within
bm25__sentence_window,bm25,sentence_window,660,total_miss,1,17,285,exceeds,17,285,within
bm25__sentence_window,bm25,sentence_window,674,full_success,1,17,550,exceeds,17,550,exceeds
bm25__sentence_window,bm25,sentence_window,684,full_success,1,22,406,exceeds,22,406,within
bm25__sentence_window,bm25,sentence_window,690,total_miss,1,43,311,exceeds,43,311,within
bm25__sentence_window,bm25,sentence_window,691,mis_ranked,1,27,248,within,27,248,within
bm25__sentence_window,bm25,sentence_window,692,mis_ranked,1,18,499,exceeds,18,499,within
bm25__sentence_window,bm25,sentence_window,693,mis_ranked,1,18,499,exceeds,18,499,within
bm25__sentence_window,bm25,sentence_window,70,full_success,2,14,423,exceeds,14,423,within
bm25__sentence_window,bm25,sentence_window,700,mis_ranked,1,20,335,exceeds,20,335,within
bm25__sentence_window,bm25,sentence_window,702,mis_ranked,1,21,335,exceeds,21,335,within
bm25__sentence_window,bm25,sentence_window,715,mis_ranked,1,25,234,within,25,234,within
bm25__sentence_window,bm25,sentence_window,716,total_miss,1,18,234,within,18,234,within
bm25__sentence_window,bm25,sentence_window,718,mis_ranked,1,22,273,exceeds,22,273,within
bm25__sentence_window,bm25,sentence_window,72,mis_ranked,1,19,271,exceeds,19,271,within
bm25__sentence_window,bm25,sentence_window,721,full_success,1,28,250,within,28,250,within
bm25__sentence_window,bm25,sentence_window,723,full_success,1,24,251,within,24,251,within
bm25__sentence_window,bm25,sentence_window,727,mis_ranked,1,24,265,exceeds,24,265,within
bm25__sentence_window,bm25,sentence_window,728,mis_ranked,2,23,388,exceeds,23,388,within
bm25__sentence_window,bm25,sentence_window,729,mis_ranked,1,24,283,exceeds,24,283,within
bm25__sentence_window,bm25,sentence_window,742,full_success,1,17,400,exceeds,17,400,within
bm25__sentence_window,bm25,sentence_window,743,full_success,1,14,400,exceeds,14,400,within
bm25__sentence_window,bm25,sentence_window,744,mis_ranked,1,26,240,within,26,240,within
bm25__sentence_window,bm25,sentence_window,75,mis_ranked,1,28,420,exceeds,28,420,within
bm25__sentence_window,bm25,sentence_window,756,mis_ranked,1,24,286,exceeds,24,286,within
bm25__sentence_window,bm25,sentence_window,759,full_success,1,32,612,exceeds,32,612,exceeds
bm25__sentence_window,bm25,sentence_window,768,total_miss,1,37,286,exceeds,37,286,within
bm25__sentence_window,bm25,sentence_window,770,full_success,1,42,778,exceeds,42,778,exceeds
bm25__sentence_window,bm25,sentence_window,775,total_miss,1,35,288,exceeds,35,288,within
bm25__sentence_window,bm25,sentence_window,781,full_success,1,27,313,exceeds,27,313,within
bm25__sentence_window,bm25,sentence_window,783,total_miss,1,25,303,exceeds,25,303,within
bm25__sentence_window,bm25,sentence_window,784,full_success,1,24,264,exceeds,24,264,within
bm25__sentence_window,bm25,sentence_window,785,mis_ranked,1,32,546,exceeds,32,546,exceeds
bm25__sentence_window,bm25,sentence_window,793,full_success,1,16,142,within,16,142,within
bm25__sentence_window,bm25,sentence_window,800,total_miss,1,26,164,within,26,164,within
bm25__sentence_window,bm25,sentence_window,805,full_success,1,19,305,exceeds,19,305,within
bm25__sentence_window,bm25,sentence_window,808,full_success,1,14,198,within,14,198,within
bm25__sentence_window,bm25,sentence_window,811,full_success,1,24,394,exceeds,24,394,within
bm25__sentence_window,bm25,sentence_window,814,full_success,1,39,360,exceeds,39,360,within
bm25__sentence_window,bm25,sentence_window,820,mis_ranked,1,13,369,exceeds,13,369,within
bm25__sentence_window,bm25,sentence_window,821,mis_ranked,1,13,369,exceeds,13,369,within
bm25__sentence_window,bm25,sentence_window,823,full_success,1,19,719,exceeds,19,719,exceeds
bm25__sentence_window,bm25,sentence_window,830,mis_ranked,1,41,240,within,41,240,within
bm25__sentence_window,bm25,sentence_window,831,mis_ranked,1,31,240,within,31,240,within
bm25__sentence_window,bm25,sentence_window,832,full_success,1,17,284,exceeds,17,284,within
bm25__sentence_window,bm25,sentence_window,834,total_miss,1,22,253,within,22,253,within
bm25__sentence_window,bm25,sentence_window,837,full_success,1,17,332,exceeds,17,332,within
bm25__sentence_window,bm25,sentence_window,839,mis_ranked,1,26,307,exceeds,26,307,within
bm25__sentence_window,bm25,sentence_window,845,mis_ranked,1,25,170,within,25,170,within
bm25__sentence_window,bm25,sentence_window,847,full_success,1,24,300,exceeds,24,300,within
bm25__sentence_window,bm25,sentence_window,852,mis_ranked,1,19,365,exceeds,19,365,within
bm25__sentence_window,bm25,sentence_window,859,mis_ranked,1,14,279,exceeds,14,279,within
bm25__sentence_window,bm25,sentence_window,870,total_miss,1,7,752,exceeds,7,752,exceeds
bm25__sentence_window,bm25,sentence_window,873,mis_ranked,5,10,485,exceeds,10,485,within
bm25__sentence_window,bm25,sentence_window,879,full_success,1,21,240,within,21,240,within
bm25__sentence_window,bm25,sentence_window,880,full_success,1,20,240,within,20,240,within
bm25__sentence_window,bm25,sentence_window,882,full_success,1,26,362,exceeds,26,362,within
bm25__sentence_window,bm25,sentence_window,887,total_miss,1,17,470,exceeds,17,470,within
bm25__sentence_window,bm25,sentence_window,903,full_success,1,18,288,exceeds,18,288,within
bm25__sentence_window,bm25,sentence_window,904,full_success,1,43,320,exceeds,43,320,within
bm25__sentence_window,bm25,sentence_window,907,full_success,1,23,130,within,23,130,within
bm25__sentence_window,bm25,sentence_window,911,full_success,1,27,572,exceeds,27,572,exceeds
bm25__sentence_window,bm25,sentence_window,913,total_miss,1,17,261,exceeds,17,261,within
bm25__sentence_window,bm25,sentence_window,914,total_miss,1,17,261,exceeds,17,261,within
bm25__sentence_window,bm25,sentence_window,921,mis_ranked,1,13,523,exceeds,13,523,exceeds
bm25__sentence_window,bm25,sentence_window,922,full_success,1,15,402,exceeds,15,402,within
bm25__sentence_window,bm25,sentence_window,936,full_success,1,20,253,within,20,253,within
bm25__sentence_window,bm25,sentence_window,94,mis_ranked,1,20,285,exceeds,20,285,within
bm25__sentence_window,bm25,sentence_window,956,mis_ranked,1,26,200,within,26,200,within
bm25__sentence_window,bm25,sentence_window,957,mis_ranked,1,15,277,exceeds,15,277,within
bm25__sentence_window,bm25,sentence_window,960,full_success,1,10,313,exceeds,10,313,within
bm25__sentence_window,bm25,sentence_window,967,full_success,2,26,324,exceeds,26,324,within
bm25__sentence_window,bm25,sentence_window,971,full_success,4,31,1149,exceeds,31,1149,exceeds
bm25__sentence_window,bm25,sentence_window,975,total_miss,1,20,318,exceeds,20,318,within
bm25__sentence_window,bm25,sentence_window,982,full_success,1,25,227,within,25,227,within
bm25__sentence_window,bm25,sentence_window,985,full_success,1,24,263,exceeds,24,263,within
bm25__sentence_window,bm25,sentence_window,99,full_success,1,18,340,exceeds,18,340,within
bm25__sentence_window,bm25,sentence_window,993,mis_ranked,1,25,278,exceeds,25,278,within
bm25__whole_document,bm25,whole_document,1,total_miss,1,15,149,within,15,149,within
bm25__whole_document,bm25,whole_document,100,full_success,1,17,385,exceeds,17,385,within
bm25__whole_document,bm25,whole_document,1012,full_success,1,21,461,exceeds,21,461,within
bm25__whole_document,bm25,whole_document,1014,full_success,1,19,210,within,19,210,within
bm25__whole_document,bm25,whole_document,1019,mis_ranked,1,17,421,exceeds,17,421,within
bm25__whole_document,bm25,whole_document,1020,mis_ranked,1,32,267,exceeds,32,267,within
bm25__whole_document,bm25,whole_document,1021,mis_ranked,1,32,267,exceeds,32,267,within
bm25__whole_document,bm25,whole_document,1024,full_success,1,20,224,within,20,224,within
bm25__whole_document,bm25,whole_document,1029,partial_recall,3,33,369,exceeds,33,369,within
bm25__whole_document,bm25,whole_document,1041,mis_ranked,2,33,353,exceeds,33,353,within
bm25__whole_document,bm25,whole_document,1049,total_miss,1,18,239,within,18,239,within
bm25__whole_document,bm25,whole_document,1062,full_success,1,25,389,exceeds,25,389,within
bm25__whole_document,bm25,whole_document,1086,full_success,1,30,491,exceeds,30,491,within
bm25__whole_document,bm25,whole_document,1088,total_miss,1,19,204,within,19,204,within
bm25__whole_document,bm25,whole_document,1089,full_success,1,30,371,exceeds,30,371,within
bm25__whole_document,bm25,whole_document,1099,mis_ranked,1,10,166,within,10,166,within
bm25__whole_document,bm25,whole_document,1100,mis_ranked,1,10,166,within,10,166,within
bm25__whole_document,bm25,whole_document,1104,full_success,1,35,904,exceeds,35,904,exceeds
bm25__whole_document,bm25,whole_document,1107,full_success,1,16,181,within,16,181,within
bm25__whole_document,bm25,whole_document,1110,total_miss,1,14,1021,exceeds,14,1021,exceeds
bm25__whole_document,bm25,whole_document,1121,mis_ranked,1,26,403,exceeds,26,403,within
bm25__whole_document,bm25,whole_document,113,full_success,1,22,468,exceeds,22,468,within
bm25__whole_document,bm25,whole_document,1130,full_success,1,31,247,within,31,247,within
bm25__whole_document,bm25,whole_document,1132,mis_ranked,2,28,275,exceeds,28,275,within
bm25__whole_document,bm25,whole_document,1137,full_success,1,18,463,exceeds,18,463,within
bm25__whole_document,bm25,whole_document,1140,mis_ranked,1,20,653,exceeds,20,653,exceeds
bm25__whole_document,bm25,whole_document,1144,full_success,1,23,531,exceeds,23,531,exceeds
bm25__whole_document,bm25,whole_document,1146,full_success,1,15,454,exceeds,15,454,within
bm25__whole_document,bm25,whole_document,115,full_success,1,16,318,exceeds,16,318,within
bm25__whole_document,bm25,whole_document,1150,full_success,1,25,238,within,25,238,within
bm25__whole_document,bm25,whole_document,1163,full_success,1,20,244,within,20,244,within
bm25__whole_document,bm25,whole_document,1175,total_miss,1,16,216,within,16,216,within
bm25__whole_document,bm25,whole_document,1179,mis_ranked,1,20,216,within,20,216,within
bm25__whole_document,bm25,whole_document,118,full_success,1,23,257,exceeds,23,257,within
bm25__whole_document,bm25,whole_document,1180,mis_ranked,1,16,216,within,16,216,within
bm25__whole_document,bm25,whole_document,1185,full_success,1,36,485,exceeds,36,485,within
bm25__whole_document,bm25,whole_document,1187,full_success,1,36,349,exceeds,36,349,within
bm25__whole_document,bm25,whole_document,1191,total_miss,1,14,159,within,14,159,within
bm25__whole_document,bm25,whole_document,1194,mis_ranked,1,32,264,exceeds,32,264,within
bm25__whole_document,bm25,whole_document,1196,total_miss,1,16,244,within,16,244,within
bm25__whole_document,bm25,whole_document,1197,total_miss,1,17,244,within,17,244,within
bm25__whole_document,bm25,whole_document,1199,total_miss,1,26,637,exceeds,26,637,exceeds
bm25__whole_document,bm25,whole_document,1200,total_miss,1,42,274,exceeds,42,274,within
bm25__whole_document,bm25,whole_document,1202,full_success,1,22,261,exceeds,22,261,within
bm25__whole_document,bm25,whole_document,1204,full_success,1,32,321,exceeds,32,321,within
bm25__whole_document,bm25,whole_document,1207,mis_ranked,1,38,297,exceeds,38,297,within
bm25__whole_document,bm25,whole_document,1213,total_miss,1,21,599,exceeds,21,599,exceeds
bm25__whole_document,bm25,whole_document,1216,full_success,1,20,262,exceeds,20,262,within
bm25__whole_document,bm25,whole_document,1221,total_miss,1,24,296,exceeds,24,296,within
bm25__whole_document,bm25,whole_document,1225,full_success,1,19,287,exceeds,19,287,within
bm25__whole_document,bm25,whole_document,1226,total_miss,1,23,315,exceeds,23,315,within
bm25__whole_document,bm25,whole_document,1232,full_success,1,25,255,within,25,255,within
bm25__whole_document,bm25,whole_document,124,full_success,1,21,524,exceeds,21,524,exceeds
bm25__whole_document,bm25,whole_document,1241,total_miss,1,20,416,exceeds,20,416,within
bm25__whole_document,bm25,whole_document,1245,mis_ranked,1,15,324,exceeds,15,324,within
bm25__whole_document,bm25,whole_document,1259,mis_ranked,1,35,708,exceeds,35,708,exceeds
bm25__whole_document,bm25,whole_document,1262,full_success,1,20,217,within,20,217,within
bm25__whole_document,bm25,whole_document,1266,mis_ranked,1,35,511,exceeds,35,511,within
bm25__whole_document,bm25,whole_document,127,mis_ranked,1,20,292,exceeds,20,292,within
bm25__whole_document,bm25,whole_document,1270,full_success,1,18,576,exceeds,18,576,exceeds
bm25__whole_document,bm25,whole_document,1271,full_success,1,31,523,exceeds,31,523,exceeds
bm25__whole_document,bm25,whole_document,1272,mis_ranked,1,23,177,within,23,177,within
bm25__whole_document,bm25,whole_document,1273,full_success,1,21,282,exceeds,21,282,within
bm25__whole_document,bm25,whole_document,1274,mis_ranked,3,44,335,exceeds,44,335,within
bm25__whole_document,bm25,whole_document,1278,total_miss,1,23,234,within,23,234,within
bm25__whole_document,bm25,whole_document,1279,total_miss,1,23,234,within,23,234,within
bm25__whole_document,bm25,whole_document,128,mis_ranked,1,16,366,exceeds,16,366,within
bm25__whole_document,bm25,whole_document,1280,mis_ranked,1,34,420,exceeds,34,420,within
bm25__whole_document,bm25,whole_document,1281,total_miss,1,19,420,exceeds,19,420,within
bm25__whole_document,bm25,whole_document,1282,full_success,1,28,399,exceeds,28,399,within
bm25__whole_document,bm25,whole_document,129,full_success,1,18,1363,exceeds,18,1363,exceeds
bm25__whole_document,bm25,whole_document,1290,full_success,1,15,627,exceeds,15,627,exceeds
bm25__whole_document,bm25,whole_document,1292,full_success,1,17,215,within,17,215,within
bm25__whole_document,bm25,whole_document,1298,full_success,1,35,516,exceeds,35,516,exceeds
bm25__whole_document,bm25,whole_document,13,total_miss,1,16,563,exceeds,16,563,exceeds
bm25__whole_document,bm25,whole_document,130,full_success,1,18,1363,exceeds,18,1363,exceeds
bm25__whole_document,bm25,whole_document,1303,full_success,1,15,297,exceeds,15,297,within
bm25__whole_document,bm25,whole_document,1316,total_miss,1,18,266,exceeds,18,266,within
bm25__whole_document,bm25,whole_document,1319,mis_ranked,1,16,266,exceeds,16,266,within
bm25__whole_document,bm25,whole_document,132,total_miss,1,14,262,exceeds,14,262,within
bm25__whole_document,bm25,whole_document,1320,full_success,1,25,266,exceeds,25,266,within
bm25__whole_document,bm25,whole_document,133,mis_ranked,5,49,480,exceeds,49,480,within
bm25__whole_document,bm25,whole_document,1332,total_miss,1,42,318,exceeds,42,318,within
bm25__whole_document,bm25,whole_document,1335,full_success,1,15,266,exceeds,15,266,within
bm25__whole_document,bm25,whole_document,1336,full_success,1,14,266,exceeds,14,266,within
bm25__whole_document,bm25,whole_document,1337,full_success,1,32,279,exceeds,32,279,within
bm25__whole_document,bm25,whole_document,1339,full_success,1,16,490,exceeds,16,490,within
bm25__whole_document,bm25,whole_document,1344,mis_ranked,1,37,159,within,37,159,within
bm25__whole_document,bm25,whole_document,1352,full_success,1,22,291,exceeds,22,291,within
bm25__whole_document,bm25,whole_document,1359,full_success,1,36,716,exceeds,36,716,exceeds
bm25__whole_document,bm25,whole_document,1362,mis_ranked,1,16,366,exceeds,16,366,within
bm25__whole_document,bm25,whole_document,1363,full_success,1,18,366,exceeds,18,366,within
bm25__whole_document,bm25,whole_document,1368,mis_ranked,1,11,432,exceeds,11,432,within
bm25__whole_document,bm25,whole_document,137,full_success,1,20,283,exceeds,20,283,within
bm25__whole_document,bm25,whole_document,1370,mis_ranked,1,11,432,exceeds,11,432,within
bm25__whole_document,bm25,whole_document,1379,mis_ranked,4,19,584,exceeds,19,584,exceeds
bm25__whole_document,bm25,whole_document,1382,mis_ranked,1,17,237,within,17,237,within
bm25__whole_document,bm25,whole_document,1385,full_success,1,11,188,within,11,188,within
bm25__whole_document,bm25,whole_document,1389,full_success,1,18,224,within,18,224,within
bm25__whole_document,bm25,whole_document,1395,total_miss,1,36,266,exceeds,36,266,within
bm25__whole_document,bm25,whole_document,141,full_success,2,19,504,exceeds,19,504,within
bm25__whole_document,bm25,whole_document,142,full_success,1,39,738,exceeds,39,738,exceeds
bm25__whole_document,bm25,whole_document,143,full_success,1,36,738,exceeds,36,738,exceeds
bm25__whole_document,bm25,whole_document,146,full_success,1,34,738,exceeds,34,738,exceeds
bm25__whole_document,bm25,whole_document,148,full_success,1,10,270,exceeds,10,270,within
bm25__whole_document,bm25,whole_document,163,full_success,1,14,460,exceeds,14,460,within
bm25__whole_document,bm25,whole_document,171,full_success,1,26,323,exceeds,26,323,within
bm25__whole_document,bm25,whole_document,179,partial_recall,4,12,584,exceeds,12,584,exceeds
bm25__whole_document,bm25,whole_document,180,full_success,1,36,323,exceeds,36,323,within
bm25__whole_document,bm25,whole_document,183,mis_ranked,1,13,265,exceeds,13,265,within
bm25__whole_document,bm25,whole_document,185,mis_ranked,1,12,516,exceeds,12,516,exceeds
bm25__whole_document,bm25,whole_document,198,mis_ranked,1,11,275,exceeds,11,275,within
bm25__whole_document,bm25,whole_document,208,full_success,1,12,361,exceeds,12,361,within
bm25__whole_document,bm25,whole_document,212,full_success,1,11,289,exceeds,11,289,within
bm25__whole_document,bm25,whole_document,213,mis_ranked,1,26,601,exceeds,26,601,exceeds
bm25__whole_document,bm25,whole_document,216,full_success,1,18,356,exceeds,18,356,within
bm25__whole_document,bm25,whole_document,217,full_success,1,16,356,exceeds,16,356,within
bm25__whole_document,bm25,whole_document,218,full_success,1,17,356,exceeds,17,356,within
bm25__whole_document,bm25,whole_document,219,full_success,1,18,356,exceeds,18,356,within
bm25__whole_document,bm25,whole_document,230,full_success,1,22,482,exceeds,22,482,within
bm25__whole_document,bm25,whole_document,232,mis_ranked,1,19,80,within,19,80,within
bm25__whole_document,bm25,whole_document,233,full_success,1,18,283,exceeds,18,283,within
bm25__whole_document,bm25,whole_document,236,full_success,1,17,283,exceeds,17,283,within
bm25__whole_document,bm25,whole_document,237,full_success,1,22,406,exceeds,22,406,within
bm25__whole_document,bm25,whole_document,238,mis_ranked,1,14,96,within,14,96,within
bm25__whole_document,bm25,whole_document,239,total_miss,1,11,341,exceeds,11,341,within
bm25__whole_document,bm25,whole_document,248,full_success,1,16,218,within,16,218,within
bm25__whole_document,bm25,whole_document,249,mis_ranked,1,16,218,within,16,218,within
bm25__whole_document,bm25,whole_document,261,mis_ranked,2,23,543,exceeds,23,543,exceeds
bm25__whole_document,bm25,whole_document,268,mis_ranked,1,8,312,exceeds,8,312,within
bm25__whole_document,bm25,whole_document,269,mis_ranked,1,8,312,exceeds,8,312,within
bm25__whole_document,bm25,whole_document,274,full_success,1,41,716,exceeds,41,716,exceeds
bm25__whole_document,bm25,whole_document,275,partial_recall,3,30,510,exceeds,30,510,within
bm25__whole_document,bm25,whole_document,279,full_success,1,25,410,exceeds,25,410,within
bm25__whole_document,bm25,whole_document,294,full_success,1,22,387,exceeds,22,387,within
bm25__whole_document,bm25,whole_document,295,full_success,1,36,320,exceeds,36,320,within
bm25__whole_document,bm25,whole_document,298,full_success,1,25,198,within,25,198,within
bm25__whole_document,bm25,whole_document,3,full_success,1,28,354,exceeds,28,354,within
bm25__whole_document,bm25,whole_document,300,mis_ranked,1,43,352,exceeds,43,352,within
bm25__whole_document,bm25,whole_document,303,mis_ranked,1,25,283,exceeds,25,283,within
bm25__whole_document,bm25,whole_document,312,mis_ranked,1,21,476,exceeds,21,476,within
bm25__whole_document,bm25,whole_document,314,mis_ranked,1,34,325,exceeds,34,325,within
bm25__whole_document,bm25,whole_document,324,mis_ranked,1,14,282,exceeds,14,282,within
bm25__whole_document,bm25,whole_document,327,full_success,1,21,247,within,21,247,within
bm25__whole_document,bm25,whole_document,338,full_success,1,15,649,exceeds,15,649,exceeds
bm25__whole_document,bm25,whole_document,343,mis_ranked,2,25,481,exceeds,25,481,within
bm25__whole_document,bm25,whole_document,350,full_success,1,23,203,within,23,203,within
bm25__whole_document,bm25,whole_document,354,full_success,1,26,271,exceeds,26,271,within
bm25__whole_document,bm25,whole_document,36,mis_ranked,2,17,451,exceeds,17,451,within
bm25__whole_document,bm25,whole_document,362,full_success,1,36,304,exceeds,36,304,within
bm25__whole_document,bm25,whole_document,380,full_success,1,18,216,within,18,216,within
bm25__whole_document,bm25,whole_document,384,total_miss,1,23,1021,exceeds,23,1021,exceeds
bm25__whole_document,bm25,whole_document,385,mis_ranked,2,25,406,exceeds,25,406,within
bm25__whole_document,bm25,whole_document,386,full_success,1,22,244,within,22,244,within
bm25__whole_document,bm25,whole_document,388,mis_ranked,1,13,252,within,13,252,within
bm25__whole_document,bm25,whole_document,399,full_success,1,15,463,exceeds,15,463,within
bm25__whole_document,bm25,whole_document,410,full_success,1,16,170,within,16,170,within
bm25__whole_document,bm25,whole_document,411,full_success,1,16,170,within,16,170,within
bm25__whole_document,bm25,whole_document,415,mis_ranked,1,26,579,exceeds,26,579,exceeds
bm25__whole_document,bm25,whole_document,42,full_success,1,33,702,exceeds,33,702,exceeds
bm25__whole_document,bm25,whole_document,421,total_miss,1,22,213,within,22,213,within
bm25__whole_document,bm25,whole_document,431,total_miss,1,23,238,within,23,238,within
bm25__whole_document,bm25,whole_document,436,full_success,1,22,294,exceeds,22,294,within
bm25__whole_document,bm25,whole_document,437,total_miss,1,32,272,exceeds,32,272,within
bm25__whole_document,bm25,whole_document,439,mis_ranked,1,29,314,exceeds,29,314,within
bm25__whole_document,bm25,whole_document,440,mis_ranked,1,28,314,exceeds,28,314,within
bm25__whole_document,bm25,whole_document,443,full_success,1,22,298,exceeds,22,298,within
bm25__whole_document,bm25,whole_document,452,mis_ranked,2,16,213,within,16,213,within
bm25__whole_document,bm25,whole_document,475,mis_ranked,1,20,250,within,20,250,within
bm25__whole_document,bm25,whole_document,478,mis_ranked,1,41,196,within,41,196,within
bm25__whole_document,bm25,whole_document,48,mis_ranked,1,25,425,exceeds,25,425,within
bm25__whole_document,bm25,whole_document,49,full_success,1,18,253,within,18,253,within
bm25__whole_document,bm25,whole_document,491,full_success,1,20,215,within,20,215,within
bm25__whole_document,bm25,whole_document,5,full_success,1,15,425,exceeds,15,425,within
bm25__whole_document,bm25,whole_document,50,full_success,1,11,271,exceeds,11,271,within
bm25__whole_document,bm25,whole_document,501,mis_ranked,1,11,452,exceeds,11,452,within
bm25__whole_document,bm25,whole_document,502,total_miss,1,22,791,exceeds,22,791,exceeds
bm25__whole_document,bm25,whole_document,507,full_success,1,28,255,within,28,255,within
bm25__whole_document,bm25,whole_document,508,total_miss,1,19,238,within,19,238,within
bm25__whole_document,bm25,whole_document,51,full_success,1,14,238,within,14,238,within
bm25__whole_document,bm25,whole_document,513,full_success,1,15,531,exceeds,15,531,exceeds
bm25__whole_document,bm25,whole_document,514,mis_ranked,1,34,460,exceeds,34,460,within
bm25__whole_document,bm25,whole_document,516,full_success,1,28,849,exceeds,28,849,exceeds
bm25__whole_document,bm25,whole_document,517,total_miss,1,13,595,exceeds,13,595,exceeds
bm25__whole_document,bm25,whole_document,521,full_success,1,43,714,exceeds,43,714,exceeds
bm25__whole_document,bm25,whole_document,525,full_success,1,31,234,within,31,234,within
bm25__whole_document,bm25,whole_document,527,mis_ranked,1,41,282,exceeds,41,282,within
bm25__whole_document,bm25,whole_document,528,full_success,1,64,387,exceeds,64,387,within
bm25__whole_document,bm25,whole_document,53,full_success,1,17,238,within,17,238,within
bm25__whole_document,bm25,whole_document,532,full_success,1,23,537,exceeds,23,537,exceeds
bm25__whole_document,bm25,whole_document,533,full_success,1,23,537,exceeds,23,537,exceeds
bm25__whole_document,bm25,whole_document,535,total_miss,1,13,560,exceeds,13,560,exceeds
bm25__whole_document,bm25,whole_document,536,full_success,1,18,330,exceeds,18,330,within
bm25__whole_document,bm25,whole_document,539,full_success,1,14,685,exceeds,14,685,exceeds
bm25__whole_document,bm25,whole_document,54,mis_ranked,1,23,314,exceeds,23,314,within
bm25__whole_document,bm25,whole_document,540,mis_ranked,2,22,350,exceeds,22,350,within
bm25__whole_document,bm25,whole_document,544,total_miss,1,20,366,exceeds,20,366,within
bm25__whole_document,bm25,whole_document,549,full_success,1,17,267,exceeds,17,267,within
bm25__whole_document,bm25,whole_document,551,mis_ranked,1,44,230,within,44,230,within
bm25__whole_document,bm25,whole_document,552,full_success,1,36,360,exceeds,36,360,within
bm25__whole_document,bm25,whole_document,554,mis_ranked,1,22,303,exceeds,22,303,within
bm25__whole_document,bm25,whole_document,56,full_success,1,32,306,exceeds,32,306,within
bm25__whole_document,bm25,whole_document,560,total_miss,1,21,337,exceeds,21,337,within
bm25__whole_document,bm25,whole_document,569,full_success,1,14,317,exceeds,14,317,within
bm25__whole_document,bm25,whole_document,57,full_success,1,33,306,exceeds,33,306,within
bm25__whole_document,bm25,whole_document,575,mis_ranked,1,28,229,within,28,229,within
bm25__whole_document,bm25,whole_document,577,total_miss,1,37,174,within,37,174,within
bm25__whole_document,bm25,whole_document,578,full_success,1,28,389,exceeds,28,389,within
bm25__whole_document,bm25,whole_document,587,mis_ranked,1,41,256,within,41,256,within
bm25__whole_document,bm25,whole_document,589,full_success,1,28,652,exceeds,28,652,exceeds
bm25__whole_document,bm25,whole_document,593,full_success,1,15,405,exceeds,15,405,within
bm25__whole_document,bm25,whole_document,597,full_success,3,10,326,exceeds,10,326,within
bm25__whole_document,bm25,whole_document,598,mis_ranked,1,26,326,exceeds,26,326,within
bm25__whole_document,bm25,whole_document,613,full_success,1,27,306,exceeds,27,306,within
bm25__whole_document,bm25,whole_document,619,mis_ranked,2,20,366,exceeds,20,366,within
bm25__whole_document,bm25,whole_document,623,mis_ranked,1,18,280,exceeds,18,280,within
bm25__whole_document,bm25,whole_document,628,full_success,1,26,282,exceeds,26,282,within
bm25__whole_document,bm25,whole_document,636,mis_ranked,1,40,353,exceeds,40,353,within
bm25__whole_document,bm25,whole_document,637,mis_ranked,1,17,244,within,17,244,within
bm25__whole_document,bm25,whole_document,641,partial_recall,2,14,527,exceeds,14,527,exceeds
bm25__whole_document,bm25,whole_document,644,mis_ranked,1,10,859,exceeds,10,859,exceeds
bm25__whole_document,bm25,whole_document,649,full_success,1,20,382,exceeds,20,382,within
bm25__whole_document,bm25,whole_document,659,full_success,1,20,285,exceeds,20,285,within
bm25__whole_document,bm25,whole_document,660,mis_ranked,1,17,285,exceeds,17,285,within
bm25__whole_document,bm25,whole_document,674,full_success,1,17,550,exceeds,17,550,exceeds
bm25__whole_document,bm25,whole_document,684,full_success,1,22,406,exceeds,22,406,within
bm25__whole_document,bm25,whole_document,690,mis_ranked,1,43,311,exceeds,43,311,within
bm25__whole_document,bm25,whole_document,691,full_success,1,27,248,within,27,248,within
bm25__whole_document,bm25,whole_document,692,mis_ranked,1,18,499,exceeds,18,499,within
bm25__whole_document,bm25,whole_document,693,full_success,1,18,499,exceeds,18,499,within
bm25__whole_document,bm25,whole_document,70,full_success,2,14,423,exceeds,14,423,within
bm25__whole_document,bm25,whole_document,700,mis_ranked,1,20,335,exceeds,20,335,within
bm25__whole_document,bm25,whole_document,702,mis_ranked,1,21,335,exceeds,21,335,within
bm25__whole_document,bm25,whole_document,715,total_miss,1,25,234,within,25,234,within
bm25__whole_document,bm25,whole_document,716,total_miss,1,18,234,within,18,234,within
bm25__whole_document,bm25,whole_document,718,mis_ranked,1,22,273,exceeds,22,273,within
bm25__whole_document,bm25,whole_document,72,mis_ranked,1,19,271,exceeds,19,271,within
bm25__whole_document,bm25,whole_document,721,full_success,1,28,250,within,28,250,within
bm25__whole_document,bm25,whole_document,723,full_success,1,24,251,within,24,251,within
bm25__whole_document,bm25,whole_document,727,mis_ranked,1,24,265,exceeds,24,265,within
bm25__whole_document,bm25,whole_document,728,mis_ranked,2,23,388,exceeds,23,388,within
bm25__whole_document,bm25,whole_document,729,mis_ranked,1,24,283,exceeds,24,283,within
bm25__whole_document,bm25,whole_document,742,full_success,1,17,400,exceeds,17,400,within
bm25__whole_document,bm25,whole_document,743,full_success,1,14,400,exceeds,14,400,within
bm25__whole_document,bm25,whole_document,744,mis_ranked,1,26,240,within,26,240,within
bm25__whole_document,bm25,whole_document,75,mis_ranked,1,28,420,exceeds,28,420,within
bm25__whole_document,bm25,whole_document,756,mis_ranked,1,24,286,exceeds,24,286,within
bm25__whole_document,bm25,whole_document,759,full_success,1,32,612,exceeds,32,612,exceeds
bm25__whole_document,bm25,whole_document,768,mis_ranked,1,37,286,exceeds,37,286,within
bm25__whole_document,bm25,whole_document,770,full_success,1,42,778,exceeds,42,778,exceeds
bm25__whole_document,bm25,whole_document,775,total_miss,1,35,288,exceeds,35,288,within
bm25__whole_document,bm25,whole_document,781,mis_ranked,1,27,313,exceeds,27,313,within
bm25__whole_document,bm25,whole_document,783,total_miss,1,25,303,exceeds,25,303,within
bm25__whole_document,bm25,whole_document,784,mis_ranked,1,24,264,exceeds,24,264,within
bm25__whole_document,bm25,whole_document,785,mis_ranked,1,32,546,exceeds,32,546,exceeds
bm25__whole_document,bm25,whole_document,793,full_success,1,16,142,within,16,142,within
bm25__whole_document,bm25,whole_document,800,total_miss,1,26,164,within,26,164,within
bm25__whole_document,bm25,whole_document,805,full_success,1,19,305,exceeds,19,305,within
bm25__whole_document,bm25,whole_document,808,full_success,1,14,198,within,14,198,within
bm25__whole_document,bm25,whole_document,811,full_success,1,24,394,exceeds,24,394,within
bm25__whole_document,bm25,whole_document,814,full_success,1,39,360,exceeds,39,360,within
bm25__whole_document,bm25,whole_document,820,mis_ranked,1,13,369,exceeds,13,369,within
bm25__whole_document,bm25,whole_document,821,mis_ranked,1,13,369,exceeds,13,369,within
bm25__whole_document,bm25,whole_document,823,full_success,1,19,719,exceeds,19,719,exceeds
bm25__whole_document,bm25,whole_document,830,mis_ranked,1,41,240,within,41,240,within
bm25__whole_document,bm25,whole_document,831,mis_ranked,1,31,240,within,31,240,within
bm25__whole_document,bm25,whole_document,832,full_success,1,17,284,exceeds,17,284,within
bm25__whole_document,bm25,whole_document,834,mis_ranked,1,22,253,within,22,253,within
bm25__whole_document,bm25,whole_document,837,full_success,1,17,332,exceeds,17,332,within
bm25__whole_document,bm25,whole_document,839,full_success,1,26,307,exceeds,26,307,within
bm25__whole_document,bm25,whole_document,845,full_success,1,25,170,within,25,170,within
bm25__whole_document,bm25,whole_document,847,full_success,1,24,300,exceeds,24,300,within
bm25__whole_document,bm25,whole_document,852,full_success,1,19,365,exceeds,19,365,within
bm25__whole_document,bm25,whole_document,859,mis_ranked,1,14,279,exceeds,14,279,within
bm25__whole_document,bm25,whole_document,870,total_miss,1,7,752,exceeds,7,752,exceeds
bm25__whole_document,bm25,whole_document,873,total_miss,5,10,485,exceeds,10,485,within
bm25__whole_document,bm25,whole_document,879,full_success,1,21,240,within,21,240,within
bm25__whole_document,bm25,whole_document,880,full_success,1,20,240,within,20,240,within
bm25__whole_document,bm25,whole_document,882,full_success,1,26,362,exceeds,26,362,within
bm25__whole_document,bm25,whole_document,887,total_miss,1,17,470,exceeds,17,470,within
bm25__whole_document,bm25,whole_document,903,full_success,1,18,288,exceeds,18,288,within
bm25__whole_document,bm25,whole_document,904,full_success,1,43,320,exceeds,43,320,within
bm25__whole_document,bm25,whole_document,907,full_success,1,23,130,within,23,130,within
bm25__whole_document,bm25,whole_document,911,full_success,1,27,572,exceeds,27,572,exceeds
bm25__whole_document,bm25,whole_document,913,total_miss,1,17,261,exceeds,17,261,within
bm25__whole_document,bm25,whole_document,914,total_miss,1,17,261,exceeds,17,261,within
bm25__whole_document,bm25,whole_document,921,mis_ranked,1,13,523,exceeds,13,523,exceeds
bm25__whole_document,bm25,whole_document,922,full_success,1,15,402,exceeds,15,402,within
bm25__whole_document,bm25,whole_document,936,full_success,1,20,253,within,20,253,within
bm25__whole_document,bm25,whole_document,94,full_success,1,20,285,exceeds,20,285,within
bm25__whole_document,bm25,whole_document,956,mis_ranked,1,26,200,within,26,200,within
bm25__whole_document,bm25,whole_document,957,mis_ranked,1,15,277,exceeds,15,277,within
bm25__whole_document,bm25,whole_document,960,full_success,1,10,313,exceeds,10,313,within
bm25__whole_document,bm25,whole_document,967,full_success,2,26,324,exceeds,26,324,within
bm25__whole_document,bm25,whole_document,971,mis_ranked,4,31,1149,exceeds,31,1149,exceeds
bm25__whole_document,bm25,whole_document,975,total_miss,1,20,318,exceeds,20,318,within
bm25__whole_document,bm25,whole_document,982,full_success,1,25,227,within,25,227,within
bm25__whole_document,bm25,whole_document,985,full_success,1,24,263,exceeds,24,263,within
bm25__whole_document,bm25,whole_document,99,full_success,1,18,340,exceeds,18,340,within
bm25__whole_document,bm25,whole_document,993,mis_ranked,1,25,278,exceeds,25,278,within
